id,clientId,date,startTime,endTime,appointmentType,details
12,3368,2024-06-27,14:00,14:30,"Hair cut",""
14,1950,2024-06-21,04:00,04:30,"Taper + Beard",""
15,3368,2024-06-20,01:30,02:00,Haircut,""
17,1950,2024-06-24,09:15,09:45,"Haircut and Beard",""
56,1690,2024-06-07,16:00,17:00,"Adult - (Full Service)",""
57,1691,2023-05-04,10:30,11:00,"Beard Grooming Only",""
58,2006,2020-12-22,13:00,13:30,"Adult Cut",""
59,1692,2023-03-11,12:00,13:00,"Adult - (Full Service)",""
60,1693,2024-05-07,10:30,11:00,"Lineup + Taper",""
61,1694,2017-03-15,22:40,23:10,"UziExpress Clean Up",""
62,1695,2020-11-04,11:45,12:15,"Adult Cut",""
63,1696,2023-12-08,15:00,15:45,"Adult Cut + Beard Grooming",""
64,1697,2023-01-18,12:15,13:00,"Adult Cut + Beard Grooming",""
65,1698,2017-09-24,14:20,15:35,"Haircut + Beard (Adults) + Beard Grooming",""
66,1699,2021-06-30,12:45,13:15,"Adult Haircut (18 & Up)",""
67,1700,2021-03-06,15:00,15:30,"Adult Cut",""
68,1701,2017-09-24,13:40,14:55,"Haircut + Beard (Adults) + Beard Grooming",""
69,1928,2024-06-18,11:30,12:00,"Beard Grooming Only",""
70,1702,2023-09-23,12:15,13:00,"Adult Cut + Beard Grooming",""
71,1703,2020-09-22,12:30,13:00,"High-School Cut",""
72,1705,2020-09-19,12:30,13:00,"Kids Cut - (12 & Under)",""
73,1706,2022-01-12,10:30,11:00,"Adult Cut",""
74,1703,2021-04-09,15:15,15:45,"Adult Cut",""
75,1708,2022-10-14,16:00,16:45,"Adult Cut + Beard Grooming",""
76,1708,2024-06-27,12:30,13:00,"Adult Cut",""
77,1710,2021-03-19,17:15,17:45,"Adult Cut",""
78,1711,2022-06-03,13:45,14:30,"Adult Cut + Beard Grooming",""
79,1712,2024-04-23,16:00,17:00,"Adult - (Full Service)",""
80,1712,2024-06-25,13:00,13:45,"Adult Cut + Beard Grooming",""
81,1714,2020-07-14,15:30,16:00,"High-School Cut",""
82,1715,2021-02-27,15:00,15:30,"Adult Cut",""
83,1716,2022-01-26,11:00,11:45,"Adult Cut + Beard Grooming",""
84,1717,2021-12-02,12:15,13:00,"Adult Cut + Beard Grooming",""
85,1719,2020-10-24,17:00,17:45,"Haircut + Beard",""
86,1720,2018-12-07,19:30,20:30,"Haircut + Beard (Adults)",""
87,1721,2024-01-18,11:00,11:45,"Adult Cut + Beard Grooming",""
88,1721,2024-02-16,11:00,11:45,"Adult Cut + Beard Grooming",""
89,1723,2017-05-09,21:50,22:30,"UziCut with Beard Grooming",""
90,1724,2021-06-29,15:15,15:45,"Adult Haircut (18 & Up)",""
91,1725,2022-06-10,15:15,15:45,"Kids Cut - (12 & Under)",""
92,1726,2024-02-17,15:00,15:30,"Adult Cut",""
93,1726,2023-01-06,15:15,15:45,"Kids Cut - (12 & Under)",""
94,1725,2021-10-16,10:00,10:30,"Kids Cut - (12 & Under)",""
95,1729,2022-01-08,14:00,14:30,"Adult Cut",""
96,1698,2020-05-24,16:00,17:00,"Haircut +Beard (High-School)",""
97,1731,2024-03-15,15:00,15:30,"High-School Cut",""
98,1732,2017-06-04,13:40,14:40,"Haircut + Beard (Adults)",""
99,1733,2019-12-19,20:30,21:30,"Haircut + Beard (Adults)",""
100,1734,2022-02-23,12:45,13:15,"Adult Cut",""
101,1735,2020-10-14,15:15,15:45,"Adult Cut",""
102,1736,2023-05-16,14:30,15:15,"Adult Cut + Beard Grooming",""
103,1737,2024-06-28,11:00,11:30,"Beard Grooming Only",""
104,1738,2023-09-22,10:30,11:15,"Adult Cut + Beard Grooming",""
105,1696,2024-06-21,16:00,17:00,"Adult - (Full Service)",""
106,1741,2022-10-07,11:45,12:30,"Adult Cut + Beard Grooming",""
107,1742,2024-06-19,13:30,14:00,"Lineup + Taper",""
108,1743,2021-07-02,16:45,17:15,"Adult Haircut (18 & Up)",""
109,1744,2022-10-29,11:30,12:00,"High-School Cut",""
110,1746,2022-03-16,11:45,12:15,"Beard Grooming Only",""
111,1747,2022-01-18,15:00,15:45,"Adult Cut + Beard Grooming",""
112,1748,2024-01-19,09:00,09:30,"Adult Cut",""
113,1749,2022-05-10,15:45,16:15,"High-School Cut",""
114,1750,2023-08-30,16:00,16:45,"High-School Cut + Beard Grooming, Wax - Hair Removal ($5+)",""
115,1752,2021-05-12,10:30,11:15,"Adult Haircut + Beard (18 & Up)",""
116,1750,2021-06-10,12:00,12:45,"Student Haircut (17 & Under)",""
117,1754,2020-09-05,11:30,12:00,"High-School Cut",""
118,1755,2024-01-09,13:00,13:30,"Adult Cut",""
119,1756,2021-08-05,10:30,11:00,"Adult Cut",""
120,1758,2017-06-23,18:00,18:40,"UziCut with Beard Grooming",""
121,1757,2024-06-08,15:00,16:00,"Adult - (Full Service)",""
122,1758,2017-05-03,22:00,22:40,"UziCut with Beard Grooming",""
123,1759,2022-07-22,15:30,16:15,"Adult Cut + Beard Grooming",""
124,1760,2020-07-29,16:00,16:30,"High-School Cut",""
125,1761,2017-03-18,16:30,17:10,"UziCut with Beard Grooming",""
126,1762,2024-04-19,10:30,11:00,"Adult Cut",""
127,1763,2020-07-07,16:30,17:00,"Adult Cut",""
128,1764,2022-07-16,13:00,13:30,"Adult Cut",""
129,1765,2017-03-12,13:00,13:40,"UziCut with Beard Grooming",""
130,1766,2020-07-18,11:15,12:00,"Adult Cut + Beard Grooming",""
131,1767,2020-12-28,11:30,12:15,"Adult Cut + Beard Grooming",""
132,1768,2022-03-26,10:45,11:15,"High-School Cut",""
133,1751,2023-06-29,15:15,15:45,"Adult Cut",""
134,1770,2023-04-19,12:30,13:15,"Hair Cut + Beard",""
135,1771,2017-08-19,14:00,15:15,"Haircut + Beard (Adults) + Beard Grooming",""
136,1772,2022-08-09,11:30,12:15,"Adult Cut + Beard Grooming",""
137,1930,2017-04-09,16:30,17:30,"Haircut + Beard (Adults)",""
138,1773,2022-04-27,15:00,15:30,"Adult Cut",""
139,1774,2020-11-13,14:45,15:15,"Adult Cut",""
140,1775,2021-02-13,12:45,13:30,"Adult Haircut (18 & Up) + Beard Grooming",""
141,1776,2021-05-22,10:45,11:30,"Adult Haircut + Beard (18 & Up)",""
142,1777,2022-05-07,15:00,15:30,"Beard Grooming Only",""
143,1778,2017-06-01,19:30,20:30,"Haircut + Beard (Adults)",""
144,1779,2024-01-20,09:00,09:30,"Adult Cut",""
145,1780,2017-11-11,14:30,15:00,"Kids Cut - (12 & Under)",""
146,1780,2021-05-28,10:30,11:00,"Adult Haircut (18 & Up)",""
147,1782,2020-10-13,11:00,11:30,"Adult Cut + Hot Towel + Black Mask Treatment for Clogged Pores, Wax - Hair Removal ($5+)",""
148,1782,2020-10-21,15:30,16:00,"Kids Cut - (12 & Under)",""
149,1782,2020-10-13,11:30,12:00,"Adult Cut",""
150,1785,2020-05-22,16:00,17:00,"Haircut + Beard (Adults)",""
151,1786,2024-06-27,11:00,11:45,"Adult Cut + Beard Grooming",""
152,1698,2019-04-21,12:30,13:30,"Haircut + Beard (Adults)",""
153,1788,2018-09-02,16:30,17:30,"Haircut + Beard (Adults)",""
154,1789,2019-04-04,20:00,20:30,"UziExpress Clean Up",""
155,1790,2020-10-15,15:00,15:30,"Adult Cut",""
156,1792,2024-04-16,10:30,11:00,"Adult Cut",""
157,1791,2020-02-13,08:15,09:15,"Haircut + Beard (Adults)",""
158,1793,2022-02-11,16:30,17:00,"Adult Cut",""
159,1794,2023-06-08,15:00,15:45,"Adult Cut + Beard Grooming",""
160,1795,2022-06-16,14:30,15:15,"Adult Cut + Beard Grooming",""
161,1796,2022-02-22,15:00,15:30,"High-School Cut",""
162,1797,2017-04-16,14:00,15:00,"Haircut + Beard (Adults)",""
163,1798,2017-06-10,11:40,12:40,"Haircut + Beard (Adults)",""
164,1799,2024-06-17,09:00,09:30,"Adult Cut",""
165,1800,2020-11-27,14:15,14:45,"High-School Cut + Wax - Hair Removal ($5+)",""
166,1800,2020-08-28,14:15,14:45,"High-School Cut",""
167,1802,2019-03-17,15:30,16:30,"Haircut + Beard (Adults)",""
168,1803,2020-09-02,15:00,15:30,"Kids Cut - (12 & Under)",""
169,1804,2021-12-21,16:00,16:30,"Adult Cut",""
170,1791,2021-09-01,12:00,12:45,"Adult Cut + Beard Grooming",""
171,1807,2024-06-13,16:00,17:00,"Adult - (Full Service)",""
172,1698,2017-08-10,18:00,18:30,"Kids Cut - (12 & Under)",""
173,1809,2021-08-10,12:00,12:30,"High-School Cut + Wax - Hair Removal ($5+)",""
174,1810,2024-05-04,09:00,09:30,"Adult Cut",""
175,1811,2024-05-29,12:00,12:30,"Beard Grooming Only",""
176,1695,2021-03-16,17:30,18:00,"Adult Cut",""
177,1813,2021-03-18,16:15,16:45,"Lineup + Taper",""
178,1814,2024-06-21,10:00,10:30,"High-School Cut + Wax - Hair Removal ($5+)",""
179,1814,2024-06-14,10:00,10:30,"Kids Cut - (12 & Under)",""
180,1817,2024-05-09,10:00,10:45,"Adult Cut + Beard Grooming",""
181,1814,2023-04-19,11:30,12:00,"High-School Cut",""
182,1819,2021-04-08,15:00,15:45,"Adult Cut + Beard Grooming, Hot Towel + Black Mask Treatment for Clogged Pores",""
183,1820,2019-11-21,09:00,10:00,"Haircut + Beard (Adults)",""
184,1822,2024-09-07,11:30,12:00,"Adult Cut",""
185,1823,2021-06-11,14:30,15:00,"Adult Haircut (18 & Up)",""
186,1824,2021-02-11,14:30,15:15,"Student Haircut (17 & Under)",""
187,1822,2022-12-20,10:30,11:15,"Adult Cut + Beard Grooming",""
188,1826,2023-01-05,17:00,18:00,"Adult - (Full Service)",""
189,1827,2022-01-26,11:45,12:30,"Adult Cut + Beard Grooming",""
190,1828,2021-03-20,15:00,15:30,"High-School Cut",""
191,1829,2020-03-20,09:00,10:00,"Haircut + Beard (Adults)",""
192,1830,2022-08-03,16:00,16:45,"Adult Cut + Beard Grooming",""
193,1831,2022-02-12,10:00,10:30,"Beard Grooming Only",""
194,1825,2022-12-20,11:15,11:45,"Adult Cut",""
195,1816,2024-06-14,09:00,09:30,"High-School Cut",""
196,1835,2021-12-22,16:30,17:00,"High-School Cut + Hot Towel + Black Mask Treatment for Clogged Pores",""
197,1836,2019-10-25,08:15,09:15,"Haircut + Beard (Adults)",""
198,1837,2024-05-08,14:00,14:30,"Kids Cut - (12 & Under)",""
199,1838,2020-07-16,15:30,16:15,"Adult Cut + Beard Grooming",""
200,1840,2022-03-23,16:15,17:00,"Adult Cut + Beard Grooming",""
201,1841,2020-09-08,18:30,19:15,"High-School - (Full Service)",""
202,1842,2017-07-02,18:10,18:40,"Kids Cut - (12 & Under)",""
203,1844,2023-06-21,15:00,15:45,"Adult Cut + Beard Grooming",""
204,1839,2023-12-26,16:00,17:00,"Adult - (Full Service)",""
205,1845,2021-09-03,10:30,11:00,"Kids Cut - (12 & Under)",""
206,1845,2021-09-03,11:00,11:30,"Kids Cut - (12 & Under)",""
207,1845,2021-12-17,12:30,13:00,"Adult Cut",""
208,1848,2017-03-12,10:40,11:20,"UziCut with Beard Grooming",""
209,1931,2017-09-24,15:30,16:00,"Kids Cut - (12 & Under)",""
210,1849,2023-01-21,16:00,16:45,"Adult Cut + Beard Grooming",""
211,1850,2017-08-06,17:00,17:30,"UziExpress Clean Up",""
212,1851,2017-11-21,19:40,20:55,"Haircut + Beard (Adults) + Beard Grooming, Hot Towel + Black Mask Treatment for Clogged Pores",""
213,1698,2021-12-07,17:00,18:00,"Adult - (Full Service)",""
214,1853,2024-03-21,17:00,18:00,"Adult - (Full Service)",""
215,1854,2023-06-29,10:00,10:30,"Adult Cut",""
216,1855,2017-04-16,12:00,12:30,"UziExpress Clean Up",""
217,1856,2017-03-26,10:40,11:40,"Haircut + Beard (Adults)",""
218,1857,2021-09-21,16:15,16:45,"Beard Grooming Only",""
219,1858,2024-06-20,12:00,12:30,"Adult Cut",""
220,1859,2023-09-07,16:15,16:45,"High-School Cut",""
221,1859,2024-05-22,15:00,15:30,"High-School Cut",""
222,1861,2020-07-16,17:15,18:00,"Adult Cut + Beard Grooming",""
223,1862,2020-11-21,11:00,11:45,"Adult Cut + Beard Grooming",""
224,1863,2018-12-26,19:30,20:30,"Haircut + Beard (Adults)",""
225,1863,2017-06-19,18:40,19:20,"UziCut with Beard Grooming",""
226,1696,2024-01-12,16:00,17:00,"Adult - (Full Service)",""
227,1866,2017-12-24,12:00,13:00,"Haircut + Beard (Adults)",""
228,1867,2017-07-18,19:10,19:40,"UziExpress Clean Up",""
229,1868,2021-06-12,11:30,12:15,"Adult Haircut + Beard (18 & Up)",""
230,1869,2020-12-10,16:15,16:45,"Adult Cut",""
231,1870,2024-07-05,09:00,09:30,"Adult Cut",""
232,1871,2024-06-14,16:00,17:00,"Adult - (Full Service)",""
233,1872,2024-05-14,10:00,10:30,"Lineup + Taper + Beard Grooming",""
234,1698,2017-03-11,17:25,18:05,"UziCut with Beard Grooming",""
235,1875,2021-02-10,11:15,11:45,"Adult Haircut (18 & Up)",""
236,1875,2024-06-20,09:00,09:30,"Adult Cut",""
237,1876,2020-07-04,10:15,11:00,"Adult Cut + Beard Grooming",""
238,1877,2024-07-13,11:00,11:45,"Adult Cut + Beard Grooming",""
239,1879,2023-10-12,14:30,15:15,"Adult Cut + Beard Grooming",""
240,1880,2022-06-04,14:30,15:15,"Adult Cut + Beard Grooming",""
241,1877,2024-03-05,13:30,14:00,"High-School Cut",""
242,1879,2024-05-15,13:30,14:15,"Adult Cut + Beard Grooming",""
243,1879,2024-06-07,10:00,10:30,"Adult Cut",""
244,1884,2023-04-12,09:30,10:15,"Adult Cut + Beard Grooming",""
245,1885,2017-11-04,15:30,16:30,"Haircut + Beard (Adults)",""
246,1886,2017-06-20,18:00,19:15,"Haircut + Beard (Adults) + Beard Grooming",""
247,1886,2020-06-30,12:45,13:30,"Adult Cut + Beard Grooming",""
248,1888,2017-06-08,21:00,22:00,"Haircut + Beard (Adults)",""
249,1889,2021-08-03,11:15,11:45,"Adult Haircut (18 & Up)",""
250,1793,2022-05-17,12:00,12:30,"Adult Cut",""
251,1891,2021-05-28,11:15,11:45,"Adult Haircut (18 & Up)",""
252,1892,2021-03-09,13:00,13:30,"Adult Cut",""
253,1893,2019-12-24,09:00,10:00,"Haircut + Beard (Adults)",""
254,1894,2024-03-06,15:00,15:30,"Lineup + Taper",""
255,1895,2017-09-30,10:40,11:25,"UziExpress Clean Up + Beard Grooming",""
256,1896,2017-07-25,20:00,21:00,"Haircut + Beard (Adults)",""
257,1897,2019-03-24,15:30,16:30,"Haircut + Beard (Adults)",""
258,1897,2019-02-10,13:00,14:00,"Haircut + Beard (Adults)",""
259,1895,2017-07-16,18:40,19:25,"Kids Cut - (12 & Under) + Beard Grooming, Colour Enhancement for Patchy Beard",""
260,1900,2017-04-25,21:10,22:10,"Haircut + Beard (Adults)",""
261,1901,2021-04-29,14:30,15:15,"Student Haircut + Beard (17 & Under)",""
262,1902,2022-05-27,15:00,15:30,"High-School Cut",""
263,1902,2022-05-27,15:30,16:00,"Kids Cut - (12 & Under)",""
264,1904,2017-07-23,11:30,12:00,"Kids Cut - (12 & Under)",""
265,1905,2022-03-16,15:00,15:30,"Adult Cut",""
266,1716,2021-08-10,10:30,11:00,"Adult Cut",""
267,1907,2022-01-27,10:30,11:15,"Adult Cut + Beard Grooming",""
268,1908,2021-11-13,15:00,15:30,"Lineup + Taper + Beard Grooming",""
269,1909,2019-04-14,15:00,16:00,"Haircut + Beard (Adults)",""
270,1909,2019-04-14,12:30,13:30,"Haircut + Beard (Adults)",""
271,1908,2020-12-15,15:45,16:15,"Beard Grooming Only + Wax - Hair Removal ($5+)",""
272,1932,2019-09-24,20:15,21:15,"Haircut + Beard (Adults)",""
273,1912,2020-09-08,15:30,16:00,"Adult Cut",""
274,1913,2021-03-16,18:30,19:15,"Haircut + Beard",""
275,1913,2021-11-09,12:45,13:15,"Beard Grooming Only",""
276,1915,2023-05-26,16:15,16:45,"High-School Cut",""
277,1916,2024-05-14,13:00,13:45,"Adult Cut + Beard Grooming, Wax - Hair Removal ($5+)",""
278,1917,2021-06-26,12:15,12:45,"Adult Haircut (18 & Up)",""
279,1699,2021-03-10,12:45,13:15,"Adult Cut",""
280,1919,2020-12-23,14:15,15:00,"Adult Cut + Beard Grooming",""
281,1920,2021-07-30,16:00,16:30,"Adult Haircut (18 & Up)",""
282,1921,2024-01-30,09:00,09:45,"Adult Cut + Beard Grooming",""
283,1793,2020-09-11,17:30,18:00,"Adult Cut",""
284,1793,2022-08-13,12:00,12:30,"Adult Cut",""
285,1924,2022-08-09,10:30,11:00,"Adult Cut",""
286,1924,2022-06-09,10:30,11:00,"Adult Cut",""
287,1926,2021-04-15,12:45,13:30,"High-School Cut + Beard Grooming",""
288,1933,2020-01-10,19:00,20:00,"Haircut + Beard (Adults)",""
289,1927,2022-11-12,15:15,16:00,"Adult Cut + Beard Grooming",""
290,1934,2020-07-08,14:30,15:00,"High-School Cut",""
291,1935,2022-01-21,10:30,11:00,"Adult Cut",""
292,1936,2024-02-03,11:00,11:30,"Adult Cut",""
293,1937,2023-05-26,17:00,18:00,"Adult - (Full Service)",""
294,1938,2023-07-01,15:15,16:00,"Adult Cut + Beard Grooming",""
295,1939,2023-06-08,12:15,13:00,"Adult Cut + Beard Grooming",""
296,1940,2023-01-27,17:00,18:00,"Adult - (Full Service)",""
297,1938,2018-09-02,11:00,12:00,"Haircut + Beard (Adults)",""
298,1942,2020-07-22,11:15,11:45,"High-School Cut",""
299,1943,2018-10-07,12:45,13:45,"Haircut + Beard (Adults)",""
300,1944,2021-03-09,14:30,15:00,"Adult Cut",""
301,1945,2022-07-12,12:30,13:00,"Adult Cut",""
302,1946,2021-03-12,10:30,11:00,"Adult Cut",""
303,1947,2024-07-09,13:00,13:30,"Adult Cut",""
304,1948,2024-05-14,15:00,16:00,"Adult - (Full Service)",""
305,2029,2021-03-20,14:30,15:00,"High-School Cut",""
306,2029,2021-09-02,11:30,12:00,"Adult Cut",""
307,1949,2020-09-24,16:00,16:30,"Adult Cut",""
308,1950,2024-02-13,15:00,16:00,"Adult - (Full Service)",""
309,1951,2020-09-15,15:15,15:45,"High-School Cut",""
310,1952,2024-02-13,14:30,15:00,"Kids Cut - (12 & Under)",""
311,1953,2021-03-30,17:00,17:45,"Adult Cut + Beard Grooming",""
312,1954,2021-02-19,16:00,16:30,"Kids Cut - (12 & Under)",""
313,1954,2021-03-25,16:30,17:00,"Kids Cut - (12 & Under)",""
314,1954,2021-07-10,11:15,11:45,"Kids Cut - (12 & Under)",""
315,1957,2020-12-24,16:15,17:00,"Adult Cut + Beard Grooming, Hot Towel + Black Mask Treatment for Clogged Pores, Wax - Hair Removal ($5+)",""
316,1958,2023-06-20,10:30,11:00,"High-School Cut",""
317,1959,2020-07-02,11:00,11:45,"Adult Cut + Beard Grooming",""
318,1961,2022-04-15,17:45,18:45,"Adult - (Full Service)",""
319,1698,2017-05-27,19:30,20:30,"Haircut + Beard (Adults)",""
320,1963,2021-10-26,16:30,17:00,"High-School Cut",""
321,1964,2021-06-19,15:15,15:45,"Adult Haircut (18 & Up)",""
322,1965,2017-06-11,17:20,18:00,"UziCut with Beard Grooming",""
323,1966,2021-06-24,12:45,13:15,"Adult Haircut (18 & Up)",""
324,1967,2020-07-03,16:00,16:30,"Adult Cut",""
325,1698,2017-06-24,14:20,15:20,"Haircut + Beard (Adults)",""
326,1969,2021-03-24,14:30,15:00,"Adult Cut",""
327,1970,2024-06-21,09:00,09:30,"Adult Cut",""
328,1970,2021-05-25,16:45,17:15,"Adult Haircut (18 & Up)",""
329,1972,2021-02-25,14:30,15:15,"Adult Cut + Beard Grooming, Hot Towel + Black Mask Treatment for Clogged Pores",""
330,1973,2023-09-19,10:00,10:45,"Adult Cut + Beard Grooming",""
331,1974,2020-12-01,12:15,12:45,"Adult Cut",""
332,1975,2024-03-16,14:30,15:00,"Beard Grooming Only",""
333,1976,2022-08-24,10:45,11:15,"Adult Cut + Wax - Hair Removal ($5+)",""
334,1977,2022-08-23,11:30,12:00,"Kids Cut - (12 & Under)",""
335,1978,2023-02-09,11:15,11:45,"Adult Cut",""
336,1979,2019-10-23,09:00,10:00,"Haircut + Beard (Adults)",""
337,1980,2022-06-15,14:30,15:00,"Adult Cut",""
338,1981,2024-06-26,15:00,16:00,"Adult - (Full Service)",""
339,1982,2022-11-30,14:30,15:00,"Kids Cut - (12 & Under)",""
340,1982,2023-04-25,11:00,11:45,"Adult Cut + Beard Grooming",""
341,1982,2022-11-26,12:30,13:00,"Adult Cut",""
342,1982,2022-01-19,11:45,12:15,"Kids Cut - (12 & Under)",""
343,1986,2024-06-04,11:00,11:30,"Adult Cut",""
344,1935,2021-05-21,12:45,13:15,"Adult Haircut (18 & Up)",""
345,1988,2020-12-08,16:15,16:45,"Adult Cut",""
346,1989,2020-12-15,19:15,20:00,"Haircut + Beard",""
347,1990,2022-10-29,12:30,13:00,"Adult Cut",""
348,1827,2021-03-09,10:30,11:00,"Kids Cut - (12 & Under)",""
349,1992,2017-05-07,19:00,20:00,"Haircut + Beard (Adults)",""
350,1993,2019-05-02,20:00,21:00,"Haircut + Beard (Adults)",""
351,1994,2017-03-10,20:00,20:40,"UziCut with Beard Grooming",""
352,1995,2019-03-03,14:30,15:30,"Haircut + Beard (Adults)",""
353,2779,2021-03-13,15:30,16:00,"High-School Cut",""
354,1997,2020-12-18,12:00,12:30,"Kids Cut - (12 & Under)",""
355,1998,2023-09-06,11:45,12:15,"Adult Cut",""
356,1999,2023-08-01,13:30,14:00,"Adult Cut",""
357,2000,2021-12-31,11:45,12:15,"Lineup + Taper",""
358,2002,2023-12-26,13:00,13:30,"Adult Cut",""
359,1863,2017-05-03,22:45,23:25,"UziCut with Beard Grooming",""
360,2004,2017-10-22,11:00,12:00,"Haircut + Beard (Adults)",""
361,2005,2020-12-04,14:15,14:45,"Adult Cut",""
362,2006,2017-11-13,17:30,18:30,"Haircut + Beard (Adults)",""
363,1698,2018-10-21,12:45,13:45,"Haircut + Beard (Adults)",""
364,1698,2019-03-08,19:30,20:30,"Haircut + Beard (Adults)",""
365,2009,2021-03-12,16:30,17:00,"Adult Cut",""
366,2010,2023-06-20,14:00,14:30,"Adult Cut",""
367,2009,2023-01-24,15:00,15:30,"Adult Cut",""
368,1698,2024-04-24,13:30,14:15,"Haircut + Beard",""
369,2013,2021-06-10,11:15,11:45,"Adult Haircut (18 & Up)",""
370,2014,2019-08-14,20:15,21:15,"Haircut + Beard (Adults)",""
371,2015,2020-06-27,10:30,11:00,"Adult Cut",""
372,2016,2020-10-21,15:00,15:30,"Kids Cut - (12 & Under)",""
373,2018,2024-03-15,16:00,17:00,"Adult - (Full Service)",""
374,2018,2020-11-27,19:15,20:00,"Haircut + Beard",""
375,2019,2023-10-18,11:15,11:45,"Adult Cut",""
376,2020,2021-05-12,17:30,18:30,"Adult - (Full Service)",""
377,2020,2022-08-02,10:30,11:15,"Adult Cut + Beard Grooming",""
378,2022,2024-07-02,09:00,09:30,"Adult Cut + Wax - Hair Removal ($5+)",""
379,2023,2023-09-20,16:00,16:30,"Adult Cut + Wax - Hair Removal ($5+)",""
380,2022,2021-02-13,11:00,11:30,"Adult Haircut (18 & Up)",""
381,2025,2017-03-12,14:20,15:00,"UziCut with Beard Grooming",""
382,2026,2023-11-25,11:00,11:30,"Adult Cut + Wax - Hair Removal ($5+)",""
383,2027,2021-12-07,15:00,15:30,"High-School Cut",""
384,2027,2022-01-19,15:00,15:30,"High-School Cut",""
385,2031,2021-10-30,15:00,15:30,"Adult Cut",""
386,2032,2021-05-25,12:00,12:30,"Adult Haircut (18 & Up)",""
387,2033,2017-11-02,17:00,17:30,"Kids Cut - (12 & Under)",""
388,2034,2020-07-22,12:30,13:00,"High-School Cut",""
389,2035,2020-06-26,13:00,13:30,"Kids Cut - (12 & Under)",""
390,2036,2021-08-31,11:00,11:30,"Adult Cut",""
391,2037,2021-04-07,15:15,15:45,"High-School Cut",""
392,2038,2020-10-14,10:30,11:00,"Adult Cut",""
393,2040,2017-11-05,11:00,12:00,"Haircut + Beard (Adults)",""
394,2040,2017-05-07,19:30,20:30,"Haircut + Beard (Adults)",""
395,2041,2023-12-29,09:00,09:30,"Adult Cut",""
396,1771,2022-07-15,13:30,14:00,"Lineup + Taper + Beard Grooming",""
397,2043,2022-05-18,12:30,13:00,"Adult Cut",""
398,2044,2021-10-07,11:30,12:00,"High-School Cut",""
399,1698,2018-11-23,20:15,21:15,"Haircut + Beard (Adults)",""
400,2046,2017-11-07,19:00,19:30,"Kids Cut - (12 & Under)",""
401,2047,2023-07-18,14:00,14:30,"High-School Cut",""
402,2048,2022-06-03,15:45,16:15,"Adult Cut",""
403,2049,2022-04-15,15:45,16:15,"High-School Cut",""
404,2050,2024-02-09,10:30,11:00,"Adult Cut",""
405,2051,2019-04-16,20:00,21:00,"Haircut + Beard (Adults)",""
406,2052,2024-03-15,10:00,10:30,"High-School Cut",""
407,2053,2024-05-14,10:30,11:00,"Adult Cut",""
408,2054,2022-06-04,13:45,14:30,"Adult Cut + Beard Grooming",""
409,2055,2021-04-10,11:15,11:45,"Adult Cut",""
410,2056,2017-07-25,21:10,21:50,"UziCut with Beard Grooming",""
411,2057,2021-04-03,11:45,12:15,"Lineup + Taper",""
412,2058,2020-10-28,10:30,11:00,"Adult Cut",""
413,2059,2021-10-15,11:00,11:30,"Adult Cut",""
414,2060,2023-06-24,15:15,16:00,"Adult Cut + Beard Grooming",""
415,2061,2021-03-17,10:30,11:00,"Adult Cut",""
416,2062,2021-12-04,12:00,12:30,"High-School Cut",""
417,2063,2020-11-18,13:00,13:30,"Adult Cut",""
418,2064,2021-07-01,12:45,13:15,"Adult Haircut (18 & Up)",""
419,2065,2022-06-25,13:00,13:30,"Adult Cut",""
420,2066,2021-04-15,10:30,11:00,"Adult Haircut (18 & Up)",""
421,1973,2022-01-04,11:00,11:45,"Adult Cut + Beard Grooming",""
422,2068,2021-06-29,16:00,16:30,"Adult Haircut (18 & Up)",""
423,2069,2023-02-14,12:00,12:30,"Adult Cut",""
424,2070,2017-10-10,18:30,19:00,"Kids Cut - (12 & Under)",""
425,2071,2020-12-19,11:30,12:00,"Adult Cut",""
426,2071,2021-03-04,14:30,15:00,"Adult Cut",""
427,2073,2017-04-23,15:50,16:30,"UziCut with Beard Grooming",""
428,2074,2020-07-18,10:00,10:30,"Adult Cut",""
429,2075,2024-03-15,15:00,15:30,"Adult Cut",""
430,2076,2018-09-03,15:00,16:00,"Haircut + Beard (Adults)",""
431,2077,2018-09-03,14:00,15:00,"Haircut + Beard (Adults)",""
432,2078,2020-10-07,20:00,21:00,"OFF DAY/EMERGENCY - (Full Service)",""
433,2078,2020-10-07,19:15,20:00,"Haircut + Beard",""
434,2076,2018-09-03,16:00,17:00,"Haircut + Beard (Adults)",""
435,2077,2021-07-21,10:30,11:00,"Adult Cut",""
436,2077,2022-09-06,13:30,14:15,"Adult Cut + Beard Grooming",""
437,2083,2022-01-12,12:30,13:00,"Adult Cut",""
438,1698,2020-01-14,21:15,22:15,"Haircut + Beard (Adults)",""
439,1698,2019-03-17,15:00,16:00,"Haircut + Beard (Adults)",""
440,2086,2017-11-05,19:10,20:10,"Haircut + Beard (Adults)",""
441,2087,2024-03-21,14:30,15:30,"Adult - (Full Service)",""
442,2088,2021-03-16,14:30,15:15,"Adult Cut + Beard Grooming",""
443,2089,2021-05-15,12:15,12:45,"Adult Haircut (18 & Up)",""
444,2091,2022-11-03,16:15,16:45,"Adult Cut",""
445,2090,2019-02-07,19:30,20:30,"Haircut + Beard (Adults)",""
446,2141,2024-01-31,14:00,14:30,"Adult Cut",""
447,2092,2017-04-30,15:20,16:00,"UziCut with Beard Grooming",""
448,1698,2017-03-11,11:40,12:20,"UziCut with Beard Grooming",""
449,2094,2023-07-19,15:30,16:00,"Beard Grooming Only",""
450,2095,2020-06-24,10:30,11:15,"Adult Cut + Beard Grooming",""
451,2096,2020-10-23,14:15,14:45,"High-School Cut",""
452,2097,2022-01-12,15:15,15:45,"Adult Cut",""
453,2098,2022-09-06,14:15,15:00,"Adult Cut + Beard Grooming",""
454,2099,2020-12-23,17:30,18:00,"High-School Cut",""
455,2100,2021-12-22,12:00,12:30,"Adult Cut",""
456,2101,2020-10-30,16:45,17:15,"Kids Cut - (12 & Under)",""
457,2101,2021-08-24,13:15,13:45,"Kids Cut - (12 & Under)",""
458,2101,2021-10-30,16:00,17:00,"Adult - (Full Service)",""
459,2104,2024-06-21,14:30,15:00,"Lineup + Taper + Beard Grooming",""
460,2105,2020-10-31,12:30,13:00,"High-School Cut",""
461,2106,2020-09-24,16:30,17:00,"High-School Cut",""
462,2107,2022-04-05,12:45,13:15,"Adult Cut",""
463,2108,2022-11-22,10:30,11:00,"Adult Cut",""
464,2109,2017-11-08,15:10,15:55,"UziExpress Clean Up + Beard Grooming",""
465,2110,2017-11-01,18:00,19:15,"Haircut + Beard (Adults) + Beard Grooming, Colour Enhancement for Patchy Beard, Hot Towel + Black Mask Treatment for Clogged Pores",""
466,2111,2024-07-06,11:00,11:45,"Adult Cut + Beard Grooming",""
467,2112,2024-02-07,18:00,19:00,"OFF DAY/EMERGENCY - (Full Service)",""
468,2113,2023-11-24,09:00,09:30,"Adult Cut",""
469,2114,2020-03-06,09:00,10:00,"Haircut + Beard (Adults)",""
470,2114,2019-10-25,08:15,09:15,"Haircut + Beard (Adults)",""
471,2116,2024-06-12,16:00,17:00,"Adult - (Full Service)",""
472,2142,2021-09-21,12:00,12:30,"Adult Cut",""
473,2118,2021-06-11,16:00,16:30,"Adult Haircut (18 & Up)",""
474,2119,2023-05-18,11:30,12:00,"Adult Cut",""
475,2120,2017-03-25,15:10,16:10,"Haircut + Beard (Adults)",""
476,2121,2021-04-01,16:30,17:00,"Adult Cut",""
477,2122,2022-08-17,16:15,16:45,"Lineup + Taper",""
478,2123,2022-02-16,10:30,11:00,"Adult Cut",""
479,2124,2020-07-22,19:15,20:00,"Haircut + Beard",""
480,2125,2022-03-26,15:15,16:00,"Adult Cut + Beard Grooming",""
481,2125,2022-03-26,14:30,15:15,"Adult Cut + Beard Grooming",""
482,2127,2020-12-03,11:30,12:15,"Adult Cut + Beard Grooming",""
483,2128,2018-09-09,14:15,15:15,"Haircut + Beard (Adults)",""
484,2129,2021-11-06,10:30,11:00,"Adult Cut",""
485,2130,2021-11-06,10:00,10:30,"Adult Cut",""
486,2131,2024-06-18,10:30,11:15,"Adult Cut + Beard Grooming, Wax - Hair Removal ($5+)",""
487,2132,2020-09-05,14:45,15:15,"High-School Cut",""
488,2134,2024-07-04,15:00,16:00,"Adult - (Full Service)",""
489,2135,2018-10-07,12:00,13:00,"Haircut + Beard (Adults)",""
490,2136,2021-09-18,11:00,11:30,"Kids Cut - (12 & Under)",""
491,2138,2020-05-21,18:00,19:00,"Haircut + Beard (Adults)",""
492,2139,2022-07-23,13:30,14:00,"Adult Cut",""
493,1698,2018-11-23,19:30,20:30,"Haircut + Beard (Adults)",""
494,2143,2024-05-10,17:30,18:30,"Adult - (Full Service)",""
495,2144,2023-03-31,16:15,16:45,"Lineup + Taper",""
496,2078,2020-07-31,19:00,20:00,"OFF DAY/EMERGENCY - (Full Service)",""
497,2078,2020-07-31,20:00,21:00,"OFF DAY/EMERGENCY - (Full Service)",""
498,2147,2023-06-14,17:00,18:00,"Adult - (Full Service)",""
499,2148,2020-09-02,13:00,13:30,"High-School Cut",""
500,2148,2021-10-29,15:45,16:15,"High-School Cut",""
501,2150,2020-12-17,10:30,11:00,"Adult Cut",""
502,2151,2017-10-21,13:00,14:15,"Haircut + Beard (Adults) + Beard Grooming",""
503,2152,2020-11-18,14:45,15:15,"Adult Cut",""
504,2153,2017-05-07,19:00,20:00,"Haircut + Beard (Adults)",""
505,2154,2021-10-20,16:30,17:00,"High-School Cut",""
506,2155,2022-08-03,10:30,11:00,"Adult Cut",""
507,2155,2021-02-17,16:00,16:30,"Adult Cut",""
508,2148,2023-04-11,13:15,13:45,"Lineup + Taper",""
509,2158,2022-06-22,17:45,18:45,"Adult - (Full Service)",""
510,2159,2020-07-14,15:30,16:00,"Adult Cut",""
511,2160,2021-10-23,15:30,16:00,"Adult Cut",""
512,2144,2021-09-08,13:15,13:45,"Adult Cut",""
513,2163,2017-10-29,10:00,11:15,"Haircut + Beard (Adults) + Beard Grooming",""
514,2164,2024-06-22,13:00,13:45,"Adult Cut + Beard Grooming",""
515,2165,2019-03-20,19:30,20:30,"Haircut + Beard (Adults)",""
516,2166,2020-09-30,17:30,18:00,"Adult Cut",""
517,2168,2020-10-24,15:30,16:00,"Kids Cut - (12 & Under)",""
518,2169,2021-01-27,16:00,16:30,"Adult Haircut (18 & Up)",""
519,2170,2021-01-27,16:30,17:00,"Adult Haircut (18 & Up)",""
520,2171,2018-09-26,20:15,21:15,"Haircut + Beard (Adults)",""
521,2171,2019-09-03,20:15,21:15,"Haircut + Beard (Adults)",""
522,2173,2019-12-31,08:15,09:15,"Haircut + Beard (Adults)",""
523,2174,2020-09-15,17:00,17:30,"High-School Cut + Hot Towel + Black Mask Treatment for Clogged Pores",""
524,2175,2021-03-03,15:30,16:00,"Adult Cut",""
525,1698,2023-09-22,17:00,18:00,"Adult - (Full Service)",""
526,2177,2023-01-24,17:30,18:15,"Adult Cut + Beard Grooming",""
527,2190,2022-05-21,13:00,13:45,"Adult Cut + Beard Grooming",""
528,2178,2020-08-29,11:30,12:15,"Adult Cut + Beard Grooming",""
529,2191,2021-05-28,16:00,16:30,"Adult Haircut (18 & Up)",""
530,2179,2021-08-04,13:15,13:45,"High-School Cut",""
531,2180,2019-08-14,19:30,20:30,"Haircut + Beard (Adults)",""
532,2181,2021-06-08,10:30,11:00,"Adult Haircut (18 & Up)",""
533,2183,2024-07-03,14:00,14:30,"Adult Cut",""
534,2184,2022-09-15,10:30,11:00,"Adult Cut",""
535,2185,2022-05-03,14:30,15:00,"Adult Cut",""
536,2186,2024-04-24,14:30,15:00,"Adult Cut",""
537,2187,2020-10-01,11:15,11:45,"Adult Cut",""
538,2188,2021-12-23,17:45,18:45,"Adult - (Full Service)",""
539,2189,2022-03-08,13:15,13:45,"Adult Cut",""
540,2192,2023-12-19,12:30,13:00,"Adult Cut",""
541,1857,2022-07-09,16:45,17:45,"Adult - (Full Service)",""
542,2194,2024-06-21,15:00,15:45,"Adult Cut + Beard Grooming",""
543,2195,2022-05-18,12:00,12:30,"Adult Cut",""
544,2196,2017-06-27,18:30,19:10,"UziCut with Beard Grooming",""
545,2197,2021-07-03,15:15,15:45,"Adult Haircut (18 & Up)",""
546,2198,2021-11-03,15:45,16:15,"High-School Cut",""
547,2199,2020-07-14,13:00,13:30,"Adult Cut",""
548,2200,2020-12-16,10:30,11:00,"Kids Cut - (12 & Under)",""
549,2201,2021-10-15,10:30,11:00,"Lineup + Taper",""
550,2202,2021-04-01,17:15,17:45,"Adult Cut",""
551,2203,2022-01-08,14:00,14:30,"Adult Cut + Hot Towel + Black Mask Treatment for Clogged Pores",""
552,2203,2021-01-29,16:30,17:00,"Adult Haircut (18 & Up)",""
553,2205,2023-02-28,14:45,15:30,"Adult Cut + Beard Grooming",""
554,1698,2017-07-01,19:10,20:10,"Haircut + Beard (Adults)",""
555,2208,2021-04-07,17:15,17:45,"Lineup + Taper + Beard Grooming",""
556,2208,2021-07-02,16:45,17:15,"Adult Haircut (18 & Up)",""
557,2210,2022-08-11,16:15,16:45,"Adult Cut",""
558,2211,2020-08-27,17:30,18:00,"Adult Cut",""
559,2164,2017-04-22,20:10,20:30,"UziCleanUp with Beard Grooming",""
560,2213,2022-06-11,16:00,17:00,"Adult - (Full Service)",""
561,2214,2023-11-17,17:00,18:00,"Adult - (Full Service)",""
562,2215,2024-06-06,09:00,09:30,"Adult Cut",""
563,2216,2024-05-21,09:00,09:30,"High-School Cut",""
564,2217,2021-09-02,16:45,17:30,"Adult Haircut + Beard (18 & Up)",""
565,2218,2018-08-16,18:00,18:45,"Kids Cut - (12 & Under) + Beard Grooming",""
566,2219,2020-11-14,16:00,16:45,"Haircut + Beard",""
567,2220,2021-06-15,10:30,11:00,"Adult Haircut (18 & Up)",""
568,2221,2023-06-07,15:30,16:00,"High-School Cut",""
569,2222,2023-03-25,10:30,11:15,"High-School Cut + Beard Grooming",""
570,2223,2022-09-23,11:45,12:30,"Adult Cut + Beard Grooming",""
571,2195,2022-03-25,10:30,11:00,"Adult Cut",""
572,2192,2023-10-18,15:00,15:30,"Adult Cut",""
573,2192,2020-12-29,16:45,17:15,"Adult Cut",""
574,2227,2024-06-25,11:30,12:00,"High-School Cut",""
575,2228,2021-06-19,10:00,10:30,"Adult Haircut (18 & Up)",""
576,2229,2021-04-07,12:00,12:30,"Adult Cut",""
577,2198,2020-08-26,12:00,12:30,"High-School Cut",""
578,2231,2022-04-06,15:00,15:45,"Adult Cut + Beard Grooming",""
579,2233,2020-12-02,12:00,12:45,"Adult Cut + Beard Grooming",""
580,2234,2022-08-31,16:00,16:30,"High-School Cut",""
581,2235,2021-11-18,15:00,15:30,"Adult Cut",""
582,2236,2019-04-14,11:00,12:00,"Haircut + Beard (Adults)",""
583,2237,2021-10-06,10:30,11:00,"Adult Cut",""
584,2238,2021-01-09,12:45,13:30,"Adult Cut + Beard Grooming, Colour Enhancement for Patchy Beard",""
585,2239,2022-08-03,15:30,16:00,"Adult Cut",""
586,2240,2021-04-30,14:30,15:00,"Adult Haircut (18 & Up)",""
587,2197,2021-03-11,16:15,16:45,"Kids Cut - (12 & Under)",""
588,2242,2022-03-11,10:30,11:00,"Adult Cut",""
589,2243,2022-01-27,18:30,19:30,"Adult - (Full Service)",""
590,2244,2021-03-24,10:30,11:15,"Adult Cut + Beard Grooming",""
591,2245,2017-07-13,19:00,20:15,"Haircut + Beard (Adults) + Beard Grooming",""
592,2242,2022-07-12,11:15,11:45,"Adult Cut",""
593,2069,2024-06-25,12:00,12:45,"Adult Cut + Beard Grooming",""
594,2248,2019-10-21,15:00,16:00,"Haircut + Beard (Adults)",""
595,2249,2024-01-23,10:30,11:00,"Lineup + Taper + Beard Grooming",""
596,1700,2021-03-06,14:30,15:00,"Adult Cut",""
597,2253,2024-05-16,16:00,17:00,"Adult - (Full Service)",""
598,2255,2021-11-17,11:15,11:45,"Beard Grooming Only",""
599,2256,2023-12-28,09:30,10:00,"High-School Cut",""
600,2257,2024-04-17,13:30,14:15,"Adult Cut + Beard Grooming",""
601,2258,2024-05-11,11:30,12:00,"Adult Cut",""
602,2256,2023-12-28,09:00,09:30,"Adult Cut",""
603,2249,2022-01-06,15:00,15:45,"Adult Cut + Beard Grooming",""
604,2261,2024-06-28,10:00,10:45,"Adult Cut + Beard Grooming",""
605,3202,2021-10-27,11:30,12:00,"Adult Cut",""
606,2263,2017-10-21,18:20,19:20,"Haircut + Beard (Adults)",""
607,1700,2020-07-21,11:30,12:00,"Adult Cut",""
608,2266,2024-07-19,10:00,10:30,"Adult Cut",""
609,2267,2023-06-22,12:30,13:00,"Adult Cut",""
610,2268,2018-10-05,19:30,20:30,"Haircut + Beard (Adults)",""
611,1698,2019-08-20,20:15,21:15,"Haircut + Beard (Adults)",""
612,2332,2021-03-11,12:00,12:30,"Adult Cut",""
613,2270,2021-12-07,16:00,16:30,"High-School Cut",""
614,2271,2021-02-03,17:00,17:30,"Adult Haircut (18 & Up)",""
615,2272,2021-06-03,17:30,18:00,"Adult Haircut (18 & Up)",""
616,1698,2019-08-07,19:30,20:30,"Haircut + Beard (Adults)",""
617,2274,2022-01-07,12:00,12:30,"Adult Cut",""
618,2275,2021-01-15,15:30,16:00,"Adult Haircut (18 & Up)",""
619,2276,2021-11-23,12:00,12:45,"Adult Cut + Beard Grooming",""
620,2277,2020-11-28,12:30,13:00,"High-School Cut",""
621,2278,2023-07-06,11:00,11:45,"Adult Cut + Beard Grooming",""
622,2251,2021-11-25,15:00,15:45,"Adult Cut + Beard Grooming",""
623,2251,2021-11-24,17:30,18:30,"Adult - (Full Service)",""
624,2280,2019-12-02,13:30,14:30,"Haircut +Beard (High-School)",""
625,2281,2021-12-21,11:30,12:00,"Adult Cut",""
626,2283,2023-05-09,14:15,15:00,"Adult Cut + Beard Grooming",""
627,2284,2021-03-19,15:30,16:00,"High-School Cut",""
628,2285,2021-03-31,15:45,16:30,"Adult Cut + Beard Grooming",""
629,2286,2020-07-09,12:00,12:30,"Adult Cut",""
630,2290,2024-05-09,10:00,10:45,"Adult Cut + Beard Grooming",""
631,2288,2019-07-25,20:15,21:15,"Haircut + Beard (Adults)",""
632,2289,2021-10-16,11:00,11:45,"Adult Cut + Beard Grooming",""
633,2290,2023-08-15,10:30,11:00,"Adult Cut + Wax - Hair Removal ($5+)",""
634,2291,2023-11-28,09:00,09:45,"Adult Cut + Beard Grooming",""
635,2292,2019-08-02,09:00,09:30,"UziExpress Clean Up",""
636,2293,2020-10-15,11:15,12:00,"Adult Cut + Beard Grooming",""
637,2294,2022-09-20,12:00,12:45,"Adult Cut + Beard Grooming",""
638,2295,2020-11-27,13:00,13:30,"Adult Cut",""
639,2295,2021-05-08,12:45,13:30,"Adult Cut + Beard Grooming",""
640,2297,2024-05-25,10:00,10:30,"Adult Cut",""
641,2298,2024-03-20,16:00,17:00,"Adult - (Full Service)",""
642,1698,2017-07-04,18:30,19:15,"Kids Cut - (12 & Under) + Beard Grooming",""
643,2301,2020-05-25,15:00,16:00,"Haircut +Beard (High-School)",""
644,2303,2024-07-04,14:00,15:00,"Adult - (Full Service)",""
645,2304,2020-10-24,12:00,12:30,"High-School Cut",""
646,2305,2021-05-12,12:45,13:15,"Adult Haircut (18 & Up)",""
647,2244,2021-02-12,11:00,11:30,"Adult Haircut (18 & Up)",""
648,2245,2024-05-11,15:00,16:00,"Adult - (Full Service)",""
649,2308,2020-12-23,17:15,18:00,"Adult Cut + Beard Grooming",""
650,2309,2019-04-11,20:00,20:30,"UziExpress Clean Up",""
651,2310,2021-12-22,15:00,15:30,"High-School Cut",""
652,2311,2021-01-30,11:00,11:30,"Adult Haircut (18 & Up)",""
653,2313,2021-02-10,15:30,16:00,"Adult Haircut (18 & Up)",""
654,2333,2022-03-24,15:45,16:15,"Adult Cut",""
655,2314,2021-01-28,16:45,17:15,"Adult Haircut (18 & Up)",""
656,2315,2021-07-06,11:15,11:45,"Adult Haircut (18 & Up)",""
657,2315,2021-01-29,17:00,17:30,"Adult Haircut (18 & Up)",""
658,2317,2021-03-16,10:30,11:00,"Adult Cut",""
659,2317,2021-05-25,12:45,13:15,"Adult Haircut (18 & Up)",""
660,2319,2022-06-15,11:45,12:15,"Adult Cut",""
661,2320,2021-11-30,10:30,11:00,"Adult Cut",""
662,2321,2017-03-19,13:40,14:20,"UziCut with Beard Grooming",""
663,2321,2017-09-03,14:10,15:10,"Haircut + Beard (Adults)",""
664,2321,2017-09-03,13:40,14:10,"Kids Cut - (12 & Under)",""
665,2243,2020-01-10,21:15,22:15,"Haircut + Beard (Adults)",""
666,1905,2024-04-09,11:00,11:45,"Adult Cut + Beard Grooming",""
667,1905,2023-04-21,15:45,16:15,"Adult Cut",""
668,2326,2024-05-29,13:30,14:15,"Adult Cut + Beard Grooming",""
669,1878,2022-05-28,15:00,15:45,"Adult Cut + Beard Grooming",""
670,2328,2022-01-20,11:00,11:30,"Adult Cut",""
671,2321,2017-05-27,17:00,18:00,"Haircut + Beard (Adults)",""
672,2321,2017-05-27,17:30,18:30,"Haircut + Beard (Adults)",""
673,2331,2020-09-22,13:00,13:30,"Adult Cut",""
674,2334,2017-10-24,18:00,19:00,"Haircut + Beard (Adults)",""
675,2335,2020-07-29,15:45,16:15,"Beard Grooming Only",""
676,2336,2023-03-21,13:30,14:00,"Adult Cut",""
677,2337,2017-07-16,17:40,18:40,"Haircut + Beard (Adults)",""
678,2338,2024-01-13,16:00,17:00,"Adult - (Full Service)",""
679,2339,2020-07-21,12:30,13:00,"Adult Cut",""
680,2340,2024-07-02,11:30,12:00,"Adult Cut",""
681,2341,2021-03-13,13:00,13:30,"High-School Cut",""
682,2342,2021-03-27,12:00,12:30,"Adult Cut",""
683,2343,2021-12-15,17:00,18:00,"Adult - (Full Service)",""
684,2344,2024-02-20,13:30,14:00,"Beard Grooming Only",""
685,2345,2022-06-21,11:30,12:00,"Lineup + Taper",""
686,2346,2023-09-08,15:30,16:00,"Adult Cut",""
687,2188,2022-10-22,15:00,15:30,"Adult Cut",""
688,2348,2020-11-28,14:45,15:15,"Kids Cut - (12 & Under)",""
689,2349,2020-07-02,15:30,16:00,"Adult Cut",""
690,2350,2021-11-19,13:15,13:45,"Adult Cut",""
691,2077,2020-06-20,15:00,16:00,"Haircut + Beard (Adults)",""
692,2355,2020-12-17,15:30,16:00,"High-School Cut",""
693,2355,2021-07-22,12:00,12:30,"High-School Cut",""
694,2335,2023-04-22,14:30,15:15,"Adult Cut + Beard Grooming",""
695,2357,2021-01-02,14:45,15:15,"Adult Cut",""
696,2359,2021-07-16,16:00,16:45,"Adult Haircut + Beard (18 & Up)",""
697,2360,2018-09-09,15:30,16:30,"Haircut + Beard (Adults)",""
698,2361,2021-10-26,17:45,18:45,"Adult - (Full Service)",""
699,2362,2021-12-14,12:45,13:30,"Adult Cut + Beard Grooming",""
700,2363,2021-04-10,10:30,11:15,"Adult Cut + Beard Grooming, Hot Towel + Black Mask Treatment for Clogged Pores",""
701,2364,2023-02-15,14:30,15:15,"Adult Cut + Beard Grooming",""
702,2365,2021-07-07,12:45,13:15,"Adult Haircut (18 & Up)",""
703,2366,2021-05-25,11:15,12:00,"Adult Haircut + Beard (18 & Up)",""
704,2368,2023-10-19,10:30,11:00,"Adult Cut",""
705,1698,2021-08-27,14:45,15:15,"Adult Cut",""
706,1698,2021-08-27,16:00,16:45,"Adult Cut + Beard Grooming",""
707,1698,2021-08-27,15:15,16:00,"Adult Cut + Beard Grooming",""
708,1698,2017-10-08,12:00,13:00,"Haircut + Beard (Adults)",""
709,2374,2020-12-25,15:00,15:30,"Adult Cut",""
710,2375,2021-08-12,13:00,13:45,"Adult Cut + Beard Grooming",""
711,2374,2021-01-12,13:00,13:30,"Adult Haircut (18 & Up)",""
712,2377,2024-03-23,17:00,18:00,"OFF DAY/EMERGENCY - (Full Service)",""
713,2378,2020-09-30,13:00,13:30,"Adult Cut",""
714,2379,2024-06-22,16:00,17:00,"Adult - (Full Service)",""
715,2379,2021-02-26,20:00,21:00,"OFF DAY/EMERGENCY - (Full Service)",""
716,2381,2017-11-19,14:30,15:45,"Haircut + Beard (Adults) + Beard Grooming",""
717,2382,2017-04-08,13:40,14:20,"UziCut with Beard Grooming",""
718,2375,2021-07-29,20:00,21:00,"Adult - (Full Service)",""
719,2384,2017-10-15,14:30,15:00,"Kids Cut - (12 & Under)",""
720,2385,2018-11-01,19:30,20:30,"Haircut + Beard (Adults)",""
721,2386,2022-10-04,13:30,14:00,"Adult Cut",""
722,2387,2020-09-04,11:15,12:00,"Adult Cut + Beard Grooming",""
723,1698,2017-04-22,16:50,17:50,"Haircut + Beard (Adults)",""
724,2389,2021-07-10,10:00,10:30,"Adult Haircut (18 & Up)",""
725,2389,2021-05-06,16:00,16:45,"Student Haircut (17 & Under)",""
726,1698,2017-06-27,20:10,20:40,"UziExpress Clean Up",""
727,2392,2021-02-25,15:15,15:45,"Adult Cut",""
728,2393,2022-06-24,14:45,15:15,"Adult Cut",""
729,2394,2021-06-29,12:00,12:45,"Adult Haircut + Beard (18 & Up)",""
730,2395,2022-09-09,10:30,11:00,"Adult Cut",""
731,2396,2017-08-26,17:40,18:10,"Kids Cut - (12 & Under)",""
732,2395,2021-04-08,10:30,11:15,"Adult Cut + Beard Grooming",""
733,2398,2023-11-01,18:00,19:00,"Adult - (Full Service)",""
734,2399,2023-11-14,16:00,17:00,"Adult - (Full Service)",""
735,2400,2020-12-10,11:15,12:00,"Adult Cut + Beard Grooming",""
736,2401,2021-06-26,14:30,15:00,"Adult Haircut (18 & Up)",""
737,2402,2022-08-18,11:30,12:00,"High-School Cut",""
738,2403,2022-10-01,15:15,16:00,"Adult Cut + Beard Grooming",""
739,2404,2020-12-16,17:30,18:00,"Adult Cut",""
740,2404,2021-12-22,18:30,19:30,"OFF DAY/EMERGENCY - (Full Service)",""
741,2406,2017-06-29,20:40,21:20,"UziCut with Beard Grooming",""
742,2406,2017-06-01,20:00,20:40,"UziCut with Beard Grooming",""
743,2006,2023-05-31,11:15,11:45,"Adult Cut",""
744,2409,2019-02-15,20:00,21:00,"Haircut + Beard (Adults)",""
745,2410,2021-03-31,12:00,12:30,"High-School Cut",""
746,2411,2021-10-21,11:45,12:15,"Adult Cut",""
747,2412,2020-12-05,10:45,11:15,"High-School Cut",""
748,2413,2020-11-07,10:30,11:00,"Adult Cut",""
749,2414,2019-05-01,20:00,21:00,"Haircut + Beard (Adults)",""
750,2415,2021-10-29,18:30,19:30,"OFF DAY/EMERGENCY - (Full Service)",""
751,1698,2017-10-31,19:10,20:10,"Haircut + Beard (Adults)",""
752,2416,2024-01-13,09:00,09:30,"Adult Cut",""
753,2417,2023-05-09,14:15,15:00,"Adult Cut + Beard Grooming",""
754,2418,2021-02-16,13:00,13:30,"Adult Haircut (18 & Up)",""
755,1698,2019-03-13,20:00,21:00,"Haircut + Beard (Adults)",""
756,2420,2017-06-10,13:00,13:40,"UziCut with Beard Grooming",""
757,2421,2024-02-07,14:30,15:15,"Adult Cut + Beard Grooming",""
758,2423,2020-07-02,16:00,16:30,"Adult Cut",""
759,2424,2024-03-13,16:00,17:00,"Adult - (Full Service)",""
760,2425,2017-04-27,22:20,23:00,"UziCut with Beard Grooming",""
761,2427,2024-06-22,10:00,10:30,"Kids Cut - (12 & Under)",""
762,2427,2021-02-18,15:15,15:45,"Kids Cut - (12 & Under)",""
763,2429,2021-03-13,10:30,11:00,"Adult Cut",""
764,2430,2020-06-27,16:00,16:45,"Adult Cut + Beard Grooming",""
765,2431,2017-07-15,14:10,15:10,"Haircut + Beard (Adults) + Hot Towel + Black Mask Treatment for Clogged Pores",""
766,2432,2022-09-13,14:00,14:30,"Lineup + Taper",""
767,2433,2022-10-22,16:00,17:00,"Adult - (Full Service)",""
768,2434,2021-02-18,16:15,16:45,"Kids Cut - (12 & Under)",""
769,2434,2021-02-18,16:45,17:15,"High-School Cut",""
770,2436,2018-10-14,12:45,13:15,"UziExpress Clean Up",""
771,2436,2018-09-30,13:45,14:45,"Haircut + Beard (Adults)",""
772,2436,2019-03-17,10:30,11:30,"Haircut + Beard (Adults)",""
773,2439,2021-04-03,15:30,16:00,"High-School Cut",""
774,2440,2024-03-20,14:30,15:00,"High-School Cut",""
775,2441,2019-04-14,12:30,13:30,"Haircut + Beard (Adults)",""
776,2442,2021-04-16,14:30,15:15,"Adult Haircut (18 & Up) + Beard Grooming",""
777,2443,2017-03-21,21:10,21:50,"UziCut with Beard Grooming",""
778,2444,2019-01-29,19:30,20:30,"Haircut + Beard (Adults)",""
779,2445,2020-07-03,15:30,16:00,"Adult Cut + Hot Towel + Black Mask Treatment for Clogged Pores",""
780,2446,2020-12-22,11:00,11:30,"Adult Cut",""
781,2447,2022-08-17,12:00,12:30,"High-School Cut",""
782,2447,2021-09-15,10:30,11:00,"High-School Cut",""
783,2449,2021-01-21,15:30,16:15,"Student Haircut (17 & Under)",""
784,2450,2023-09-26,13:30,14:00,"Adult Cut",""
785,2451,2022-09-01,19:00,20:00,"OFF DAY/EMERGENCY - (Full Service)",""
786,2452,2017-03-16,22:00,22:40,"UziCut with Beard Grooming",""
787,2453,2024-05-16,11:00,11:45,"Adult Cut + Beard Grooming",""
788,2454,2021-09-17,15:45,16:15,"Beard Grooming Only",""
789,2455,2020-07-31,16:45,17:15,"Adult Cut",""
790,2456,2019-02-10,13:30,14:30,"Haircut + Beard (Adults)",""
791,2457,2021-03-10,12:15,13:00,"Adult Cut + Beard Grooming",""
792,1889,2021-01-09,15:15,16:00,"Adult Cut + Beard Grooming",""
793,2455,2020-07-28,15:00,15:30,"Adult Cut",""
794,2460,2022-07-14,15:00,15:45,"Adult Cut + Beard Grooming",""
795,2461,2021-01-28,14:15,14:45,"Adult Haircut (18 & Up)",""
796,1889,2023-10-28,11:30,12:15,"Adult Cut + Beard Grooming",""
797,2463,2020-07-14,14:45,15:30,"Adult Cut + Beard Grooming, Wax - Hair Removal ($5+)",""
798,2464,2022-07-08,15:30,16:00,"Adult Cut",""
799,2465,2022-12-06,11:00,11:45,"Adult Cut + Beard Grooming",""
800,2466,2019-06-03,19:15,20:00,"EID Exclusive Full Service (June 2nd & 3rd)",""
801,2450,2024-06-04,11:30,12:00,"Adult Cut",""
802,2469,2024-08-03,11:30,12:00,"Adult Cut",""
803,2471,2022-05-17,15:45,16:15,"High-School Cut",""
804,2472,2023-09-29,15:30,16:00,"Adult Cut",""
805,2473,2021-01-30,10:30,11:00,"Adult Haircut (18 & Up)",""
806,2474,2017-06-24,15:40,16:20,"UziCut with Beard Grooming",""
807,2476,2017-11-11,11:20,11:50,"Kids Cut - (12 & Under)",""
808,2477,2017-10-12,19:00,20:15,"Haircut + Beard (Adults) + Beard Grooming",""
809,2469,2022-10-13,11:45,12:15,"Adult Cut",""
810,2479,2020-08-11,18:30,19:15,"Haircut + Beard",""
811,2480,2024-06-26,13:30,14:15,"Adult Cut + Beard Grooming",""
812,2481,2022-07-05,16:30,17:30,"Adult - (Full Service)",""
813,2482,2024-03-20,14:00,14:30,"High-School Cut",""
814,2483,2020-10-06,10:30,11:15,"Adult Cut + Beard Grooming",""
815,2261,2021-11-20,10:30,11:15,"Adult Cut + Beard Grooming",""
816,2485,2020-06-05,17:00,18:00,"Haircut + Beard (Adults)",""
817,2486,2017-04-29,11:10,11:50,"UziCut with Beard Grooming",""
818,2416,2023-07-21,19:00,20:00,"OFF DAY/EMERGENCY - (Full Service)",""
819,2475,2021-03-18,15:45,16:15,"High-School Cut",""
820,2489,2022-06-22,15:45,16:15,"High-School Cut",""
821,2450,2024-04-26,10:00,10:30,"Adult Cut",""
822,2491,2017-10-15,13:00,14:00,"Haircut + Beard (Adults)",""
823,2492,2023-12-27,12:30,13:00,"Adult Cut",""
824,2493,2021-05-26,12:00,12:45,"Adult Haircut + Beard (18 & Up)",""
825,2494,2017-06-17,17:20,18:20,"Haircut + Beard (Adults)",""
826,2496,2023-01-14,15:30,16:00,"Lineup + Taper + Beard Grooming",""
827,2497,2017-06-11,10:20,11:00,"UziCut with Beard Grooming",""
828,2498,2020-12-04,10:30,11:15,"Adult Cut + Beard Grooming",""
829,2498,2020-12-17,17:15,18:00,"Adult Cut + Beard Grooming",""
830,2500,2017-11-18,13:40,14:55,"Haircut + Beard (Adults) + Beard Grooming",""
831,2501,2017-05-20,10:00,11:00,"Haircut + Beard (Adults)",""
832,2502,2024-01-10,11:30,12:00,"High-School Cut",""
833,2504,2020-07-21,14:15,15:00,"Adult Cut + Beard Grooming",""
834,2505,2017-11-11,13:00,14:15,"Haircut + Beard (Adults) + Beard Grooming",""
835,2506,2020-08-18,12:15,13:00,"Adult Cut + Beard Grooming",""
836,2507,2019-06-02,14:45,15:30,"EID Exclusive Full Service (June 2nd & 3rd)",""
837,2508,2018-09-11,18:00,18:30,"Kids Cut - (12 & Under)",""
838,2509,2022-01-29,11:45,12:15,"Kids Cut - (12 & Under)",""
839,2510,2017-11-04,13:30,14:30,"Haircut + Beard (Adults)",""
840,2511,2022-08-25,14:30,15:00,"Adult Cut",""
841,2512,2021-10-16,12:30,13:00,"Adult Cut",""
842,2513,2021-04-29,11:15,12:00,"Student Haircut (17 & Under)",""
843,2509,2024-03-19,10:00,10:45,"Adult Cut + Beard Grooming",""
844,2515,2023-02-25,15:30,16:00,"Adult Cut",""
845,2516,2020-08-29,13:15,13:45,"Beard Grooming Only",""
846,2517,2023-03-22,10:30,11:15,"Adult Cut + Beard Grooming",""
847,2517,2022-12-22,10:30,11:15,"Adult Cut + Beard Grooming",""
848,2517,2017-06-10,12:15,12:55,"UziCut with Beard Grooming",""
849,2520,2020-11-26,20:00,21:00,"OFF DAY/EMERGENCY - (Full Service)",""
850,2521,2019-06-02,11:00,12:00,"Haircut + Beard (Adults)",""
851,2521,2019-11-11,15:00,16:00,"Haircut + Beard (Adults)",""
852,2523,2022-11-05,15:30,16:00,"Adult Cut",""
853,2524,2022-06-18,12:30,13:00,"Kids Cut - (12 & Under)",""
854,2525,2020-07-30,20:00,21:00,"OFF DAY/EMERGENCY - (Full Service)",""
855,1872,2024-06-14,11:00,11:30,"Adult Cut",""
856,2524,2022-06-11,12:30,13:00,"Adult Cut",""
857,2421,2021-09-02,12:00,12:45,"Adult Cut + Beard Grooming",""
858,2417,2024-07-04,12:00,12:45,"Adult Cut + Beard Grooming",""
859,2530,2020-05-26,15:00,16:00,"Haircut + Beard (Adults)",""
860,2531,2022-01-15,15:15,16:00,"Adult Cut + Beard Grooming",""
861,2532,2017-03-14,21:10,21:50,"UziCut with Beard Grooming",""
862,2533,2023-08-22,14:00,14:30,"High-School Cut",""
863,2534,2024-05-01,15:00,15:30,"Lineup + Taper",""
864,2532,2017-06-04,17:30,18:30,"Haircut + Beard (Adults)",""
865,2532,2021-03-23,14:30,15:15,"Adult Cut + Beard Grooming",""
866,2532,2017-04-08,15:20,16:20,"Haircut + Beard (Adults)",""
867,2537,2020-06-19,17:00,18:00,"Haircut + Beard (Adults)",""
868,2538,2021-07-07,12:45,13:30,"Adult Haircut + Beard (18 & Up)",""
869,2539,2017-07-29,10:00,11:00,"Haircut + Beard (Adults)",""
870,2540,2017-10-31,20:00,21:00,"Haircut + Beard (Adults)",""
871,2524,2022-04-14,14:00,14:30,"Kids Cut - (12 & Under)",""
872,2422,2021-03-30,16:30,17:00,"High-School Cut",""
873,2422,2021-07-16,13:15,13:45,"High-School Cut",""
874,2544,2024-07-04,11:00,11:45,"Adult Cut + Beard Grooming",""
875,2546,2023-03-28,13:00,13:30,"Beard Grooming Only",""
876,2546,2021-10-15,15:45,16:30,"Adult Cut + Beard Grooming",""
877,2077,2020-10-13,17:30,18:00,"Kids Cut - (12 & Under)",""
878,2548,2017-04-11,21:40,22:40,"Haircut + Beard (Adults)",""
879,2549,2022-05-01,14:30,15:30,"OFF DAY/EMERGENCY - (Full Service)",""
880,2550,2021-03-26,16:00,16:30,"Adult Cut",""
881,2551,2020-07-03,16:00,16:30,"Kids Cut - (12 & Under)",""
882,2092,2017-05-28,10:20,11:20,"Haircut + Beard (Adults)",""
883,2557,2020-09-09,15:00,15:30,"High-School Cut",""
884,2554,2022-05-04,15:30,16:00,"Adult Cut",""
885,2558,2020-02-10,10:30,11:30,"Haircut + Beard (Adults)",""
886,2558,2019-08-21,20:15,21:15,"Haircut + Beard (Adults)",""
887,2561,2023-04-11,12:45,13:15,"Adult Cut",""
888,2562,2024-06-26,14:30,15:15,"Adult Cut + Beard Grooming",""
889,2558,2020-09-25,10:30,11:15,"Adult Cut + Beard Grooming",""
890,2558,2022-12-01,15:15,16:00,"Adult Cut + Beard Grooming",""
891,2565,2024-02-23,09:00,09:30,"Adult Cut",""
892,2566,2022-07-05,11:30,12:00,"Adult Cut",""
893,2421,2024-03-05,10:00,10:45,"Adult Cut + Beard Grooming",""
894,2568,2023-11-28,09:00,09:45,"Adult Cut + Beard Grooming",""
895,2569,2020-10-13,10:30,11:00,"Adult Cut",""
896,2570,2024-05-09,12:00,12:30,"Adult Cut",""
897,2571,2024-03-08,10:00,10:30,"Adult Cut",""
898,2572,2021-06-25,14:30,15:15,"Adult Haircut + Beard (18 & Up)",""
899,2572,2021-02-11,17:30,18:00,"Adult Haircut (18 & Up)",""
900,2575,2020-07-10,13:00,13:30,"Adult Cut",""
901,2576,2020-11-05,11:45,12:15,"Adult Cut",""
902,2577,2022-08-25,15:30,16:15,"Adult Cut + Beard Grooming",""
903,2578,2022-03-15,13:15,13:45,"Adult Cut",""
904,2578,2021-04-09,11:00,11:45,"Adult Cut + Beard Grooming",""
905,2580,2020-09-05,12:00,12:45,"Adult Cut + Beard Grooming",""
906,2581,2020-12-16,11:45,12:15,"Adult Cut",""
907,1694,2022-02-26,10:00,10:45,"Adult Cut + Beard Grooming",""
908,2583,2017-04-02,18:10,18:40,"UziExpress Clean Up",""
909,2242,2022-08-25,10:30,11:00,"Adult Cut",""
910,2242,2021-02-04,14:15,14:45,"Adult Haircut (18 & Up)",""
911,2586,2020-11-20,11:30,12:00,"Adult Cut",""
912,2587,2022-10-29,11:00,11:30,"Lineup + Taper + Beard Grooming, Hot Towel + Black Mask Treatment for Clogged Pores, Wax - Hair Removal ($5+)",""
913,2588,2024-04-25,11:00,11:45,"Adult Cut + Beard Grooming",""
914,2589,2022-06-24,10:30,11:00,"Beard Grooming Only",""
915,2590,2022-04-29,11:30,12:30,"OFF DAY/EMERGENCY - (Full Service)",""
916,2591,2023-12-21,11:30,12:15,"Adult Cut + Beard Grooming, Wax - Hair Removal ($5+)",""
917,1698,2017-06-17,15:20,16:00,"UziCut with Beard Grooming",""
918,2589,2021-03-27,13:15,13:45,"Beard Grooming Only",""
919,1698,2019-01-17,19:30,20:30,"Haircut + Beard (Adults)",""
920,2598,2022-06-29,12:00,12:30,"High-School Cut",""
921,2586,2022-09-10,12:45,13:30,"Adult Cut + Beard Grooming",""
922,2601,2020-08-18,16:00,16:30,"High-School Cut",""
923,2602,2021-03-09,11:00,11:30,"Adult Cut",""
924,2741,2018-10-19,19:30,20:00,"UziExpress Clean Up",""
925,1775,2021-07-24,12:15,13:00,"Adult Cut + Beard Grooming",""
926,2588,2024-06-27,10:00,10:45,"Adult Cut + Beard Grooming",""
927,2605,2020-07-08,17:30,18:15,"High-School Cut + Beard Grooming",""
928,2606,2021-07-14,12:00,12:30,"Adult Haircut (18 & Up)",""
929,2607,2021-03-17,16:00,16:30,"Lineup + Taper",""
930,2609,2021-05-20,12:45,13:15,"Adult Haircut (18 & Up)",""
931,2610,2022-03-19,10:00,10:30,"High-School Cut",""
932,2611,2020-09-09,12:00,12:45,"Adult Cut + Beard Grooming",""
933,2612,2021-10-16,15:15,16:00,"Adult Cut + Beard Grooming",""
934,1694,2021-09-17,12:30,13:15,"Adult Cut + Beard Grooming",""
935,1735,2021-03-04,13:00,13:30,"Adult Cut + Wax - Hair Removal ($5+)",""
936,2615,2020-10-16,12:15,13:00,"Adult Cut + Beard Grooming",""
937,2242,2022-01-06,11:00,11:30,"Adult Cut",""
938,2242,2022-10-26,10:30,11:00,"Adult Cut",""
939,2618,2021-05-01,10:45,11:30,"Adult Haircut + Beard (18 & Up)",""
940,2619,2021-03-16,13:00,13:30,"Adult Cut + Wax - Hair Removal ($5+)",""
941,2620,2024-06-26,12:30,13:15,"Adult Cut + Beard Grooming",""
942,2621,2020-11-10,16:00,16:30,"High-School Cut",""
943,2622,2017-05-13,17:40,18:20,"UziCut with Beard Grooming",""
944,2591,2021-06-17,16:45,17:30,"Adult Haircut + Beard (18 & Up)",""
945,2625,2021-12-25,14:00,14:45,"Adult Cut + Beard Grooming",""
946,2591,2023-10-28,12:15,13:00,"Adult Cut + Beard Grooming, Wax - Hair Removal ($5+)",""
947,2627,2024-02-23,16:00,17:00,"Adult - (Full Service)",""
948,2628,2024-07-02,10:00,10:45,"Adult Cut + Beard Grooming",""
949,2629,2021-08-05,11:00,11:45,"Adult Cut + Beard Grooming",""
950,2630,2020-10-22,10:30,11:15,"Adult Cut + Beard Grooming",""
951,2631,2022-02-26,11:45,12:15,"Adult Cut",""
952,2632,2024-06-18,15:00,16:00,"Adult - (Full Service)",""
953,2633,2023-06-27,13:30,14:15,"High-School Cut + Beard Grooming",""
954,2634,2021-01-29,11:00,11:45,"Student Haircut (17 & Under)",""
955,2633,2021-11-23,16:15,16:45,"Kids Cut - (12 & Under)",""
956,2636,2018-10-04,19:30,20:30,"Haircut + Beard (Adults)",""
957,1698,2017-03-11,12:20,13:00,"UziCut with Beard Grooming",""
958,2638,2022-02-01,11:45,12:30,"Adult Cut + Beard Grooming",""
959,2639,2019-10-29,20:15,21:15,"Haircut + Beard (Adults)",""
960,2640,2020-10-14,17:15,18:00,"Adult Cut + Beard Grooming",""
961,2640,2021-12-01,16:30,17:00,"Adult Cut",""
962,2642,2024-06-21,10:30,11:15,"Adult Cut + Beard Grooming",""
963,1988,2017-10-07,19:00,19:45,"UziExpress Clean Up + Beard Grooming",""
964,2643,2021-03-23,16:45,17:15,"Adult Cut",""
965,2644,2020-05-21,17:00,18:00,"Haircut +Beard (High-School)",""
966,2645,2023-02-07,15:00,15:30,"High-School Cut",""
967,2646,2017-06-24,11:30,11:50,"UziCleanUp with Beard Grooming",""
968,2647,2017-07-30,14:50,15:50,"Haircut + Beard (Adults)",""
969,2648,2020-09-23,15:00,15:45,"Adult Cut + Beard Grooming",""
970,2649,2020-09-01,16:00,16:30,"High-School Cut",""
971,2650,2022-04-08,15:45,16:15,"Kids Cut - (12 & Under)",""
972,2651,2023-12-16,10:00,10:30,"Adult Cut",""
973,2652,2023-10-05,15:45,16:15,"Adult Cut",""
974,2653,2024-01-31,15:30,16:00,"Lineup + Taper + Beard Grooming",""
975,2654,2024-08-14,16:00,17:00,"Adult - (Full Service)",""
976,2655,2024-05-31,15:00,15:45,"Adult Cut + Beard Grooming",""
977,2656,2021-02-23,12:00,12:30,"Adult Cut",""
978,2078,2018-10-09,19:30,20:30,"Haircut + Beard (Adults)",""
979,2658,2020-07-17,16:00,16:45,"Adult Cut + Beard Grooming",""
980,2659,2022-07-23,15:00,15:30,"High-School Cut",""
981,2660,2021-11-09,12:15,12:45,"Adult Cut",""
982,2662,2020-09-03,16:45,17:15,"Adult Cut",""
983,2661,2017-03-07,09:30,10:20,Consultation,""
984,2663,2024-04-17,13:00,13:30,"Adult Cut",""
985,2664,2020-06-26,13:00,13:30,"Adult Cut",""
986,2665,2024-02-24,09:00,09:30,"Adult Cut",""
987,2666,2022-10-15,16:30,17:30,"Adult - (Full Service)",""
988,2666,2022-02-10,11:15,12:00,"Adult Cut + Beard Grooming, Hot Towel + Black Mask Treatment for Clogged Pores",""
989,2590,2024-06-06,18:00,19:00,"Adult - (Full Service)",""
990,2669,2021-10-07,17:45,18:45,"Adult - (Full Service)",""
991,2672,2021-01-26,12:00,12:45,"Adult Haircut (18 & Up) + Beard Grooming",""
992,2673,2024-06-05,13:00,13:30,"Beard Grooming Only",""
993,2674,2020-09-23,16:45,17:15,"Kids Cut - (12 & Under)",""
994,2675,2021-03-03,12:45,13:15,"High-School Cut",""
995,2676,2022-03-31,15:30,16:15,"Adult Cut + Beard Grooming",""
996,2677,2022-02-03,15:00,15:30,"Adult Cut",""
997,2678,2022-06-29,14:30,15:00,"Adult Cut",""
998,2679,2023-03-15,19:00,20:00,"OFF DAY/EMERGENCY - (Full Service)",""
999,2680,2020-07-10,17:00,17:30,"Adult Cut",""
1000,2681,2020-09-22,13:00,13:30,"High-School Cut",""
1001,2589,2020-07-23,17:15,18:00,"Adult Cut + Beard Grooming",""
1002,2683,2020-09-09,14:30,15:00,"Adult Cut",""
1003,2596,2021-06-30,14:30,15:00,"Adult Haircut (18 & Up)",""
1004,2685,2024-06-29,15:00,16:00,"Adult - (Full Service)",""
1005,2686,2021-06-29,10:30,11:00,"Adult Haircut (18 & Up)",""
1006,2597,2024-03-14,10:00,10:45,"Adult Cut + Beard Grooming",""
1007,2687,2021-02-25,15:15,15:45,"Adult Cut",""
1008,2688,2023-05-06,12:30,13:15,"Adult Cut + Beard Grooming",""
1009,2689,2021-07-10,16:45,17:45,"Adult - (Full Service)",""
1010,2690,2023-09-13,10:30,11:00,"Lineup + Taper + Beard Grooming",""
1011,2691,2021-12-07,10:30,11:00,"Adult Cut",""
1012,2692,2022-09-01,16:15,16:45,"Kids Cut - (12 & Under)",""
1013,2693,2021-09-18,15:00,15:30,"Adult Cut",""
1014,2694,2020-01-12,10:45,11:45,"Haircut + Beard (Adults)",""
1015,2695,2023-03-28,09:45,10:30,"Adult Cut + Beard Grooming",""
1016,2696,2020-05-22,09:00,10:00,"Haircut +Beard (High-School)",""
1017,2697,2020-07-30,11:00,11:30,"Adult Cut + Hot Towel + Black Mask Treatment for Clogged Pores, Shampoo &amp; Hair Wash",""
1018,2698,2022-01-27,15:45,16:30,"Adult Cut + Beard Grooming",""
1019,1819,2022-05-20,16:00,16:45,"Adult Cut + Beard Grooming",""
1020,2700,2017-06-03,14:20,15:00,"UziCut with Beard Grooming",""
1021,2701,2020-10-28,15:00,15:30,"Adult Cut",""
1022,2702,2021-10-29,17:30,18:30,"Adult - (Full Service)",""
1023,2703,2024-05-15,11:30,12:00,"Adult Cut",""
1024,2297,2022-05-17,14:15,14:45,"Adult Cut",""
1025,2705,2021-02-26,11:45,12:15,"Lineup + Taper",""
1026,2706,2019-04-30,20:00,20:30,"Kids Cut - (12 & Under)",""
1027,2706,2019-02-19,19:30,20:00,"Kids Cut - (12 & Under)",""
1028,1982,2022-09-09,15:30,16:00,"Kids Cut - (12 & Under)",""
1029,1982,2023-03-23,09:30,10:00,"Kids Cut - (12 & Under)",""
1030,2710,2021-04-17,11:30,12:00,"Adult Haircut (18 & Up)",""
1031,2710,2020-12-05,13:00,13:30,"Kids Cut - (12 & Under)",""
1032,2712,2021-01-09,10:00,10:45,"Adult Cut + Beard Grooming",""
1033,2713,2021-03-06,11:45,12:15,"Beard Grooming Only",""
1034,2714,2020-11-26,17:30,18:00,"High-School Cut + Shampoo &amp; Hair Wash",""
1035,2715,2024-06-13,10:30,11:00,"Adult Cut",""
1036,2716,2017-07-11,19:30,20:45,"Haircut + Beard (Adults) + Beard Grooming",""
1037,2717,2020-11-13,14:15,14:45,"Adult Cut",""
1038,2718,2020-11-04,14:45,15:15,"Adult Cut",""
1039,2719,2020-12-15,16:30,17:00,"High-School Cut",""
1040,2720,2024-02-10,16:00,17:00,"Adult - (Full Service)",""
1041,2721,2017-06-20,19:10,20:10,"Haircut + Beard (Adults)",""
1042,2722,2017-10-21,17:30,18:30,"Haircut + Beard (Adults)",""
1043,2723,2021-09-17,16:30,17:00,"Lineup + Taper",""
1044,2384,2022-12-29,15:00,15:30,"Lineup + Taper",""
1045,2725,2024-06-26,11:30,12:00,"Adult Cut",""
1046,2726,2021-04-08,16:15,17:00,"Adult Cut + Beard Grooming",""
1047,2727,2017-07-11,19:00,20:00,"Haircut + Beard (Adults)",""
1048,2728,2021-05-28,11:15,11:45,"Adult Haircut (18 & Up)",""
1049,2730,2020-10-21,10:30,11:15,"Adult Cut + Beard Grooming",""
1050,2731,2020-10-29,11:45,12:15,"Adult Cut",""
1051,2733,2017-08-01,19:30,20:45,"Haircut + Beard (Adults) + Beard Grooming",""
1052,2734,2020-07-02,16:00,16:30,"Adult Cut",""
1053,2743,2017-09-05,19:40,20:55,"Haircut + Beard (Adults) + Beard Grooming, Hot Towel + Black Mask Treatment for Clogged Pores",""
1054,2735,2021-08-21,10:30,11:00,"Adult Haircut (18 & Up)",""
1055,2736,2020-10-09,15:00,15:45,"High-School Cut + Beard Grooming",""
1056,1732,2022-12-02,16:15,16:45,"Adult Cut",""
1057,2738,2023-04-07,16:30,17:30,"Adult - (Full Service)",""
1058,2739,2017-06-17,15:00,16:00,"Haircut + Beard (Adults)",""
1059,1793,2020-11-26,16:30,17:00,"Adult Cut",""
1060,2744,2022-02-03,15:30,16:00,"Adult Cut",""
1061,2745,2023-12-12,13:30,14:00,"Adult Cut",""
1062,3082,2023-04-18,17:15,18:00,"Hair Cut + Beard",""
1063,2580,2022-06-11,10:30,11:15,"Adult Cut + Beard Grooming",""
1064,2580,2022-06-11,10:00,10:30,"Adult Cut",""
1065,2580,2020-06-16,16:00,17:00,"Haircut + Beard (Adults)",""
1066,2750,2017-05-13,12:00,13:00,"Haircut + Beard (Adults)",""
1067,2751,2020-11-24,11:30,12:00,"Adult Cut",""
1068,2753,2020-12-08,14:15,14:45,"Adult Cut",""
1069,2754,2024-05-31,11:00,11:30,"Adult Cut",""
1070,2755,2020-07-18,15:00,15:45,"Adult Cut + Beard Grooming",""
1071,2377,2021-10-08,16:30,17:00,"Adult Cut",""
1072,2757,2021-02-04,17:15,18:00,"Adult Haircut (18 & Up) + Beard Grooming",""
1073,2758,2017-10-27,14:40,15:40,"Haircut + Beard (Adults)",""
1074,2759,2020-10-03,14:45,15:15,"Kids Cut - (12 & Under) + Shampoo &amp; Hair Wash",""
1075,2759,2020-11-14,15:30,16:00,"Kids Cut - (12 & Under)",""
1076,2761,2017-04-23,18:30,19:30,"Haircut + Beard (Adults)",""
1077,2762,2017-11-01,13:00,14:00,"Haircut + Beard (Adults)",""
1078,2763,2020-06-06,18:00,19:00,"Haircut + Beard (Adults)",""
1079,2765,2023-10-31,10:30,11:00,"Adult Cut",""
1080,2766,2021-05-29,11:30,12:15,"Adult Haircut + Beard (18 & Up)",""
1081,2766,2021-05-29,10:45,11:30,"Student Haircut (17 & Under)",""
1082,2768,2022-04-02,16:45,17:45,"Adult - (Full Service)",""
1083,2769,2019-03-13,20:00,21:00,"Haircut + Beard (Adults)",""
1084,2770,2024-06-18,09:00,09:30,"Adult Cut",""
1085,2771,2024-02-06,16:00,17:00,"Adult - (Full Service)",""
1086,2772,2023-02-25,15:30,16:00,"Lineup + Taper",""
1087,2773,2021-02-19,17:15,17:45,"High-School Cut",""
1088,2774,2017-03-25,14:00,15:00,"Haircut + Beard (Adults)",""
1089,2775,2024-07-03,17:00,18:00,"Adult - (Full Service)",""
1090,2776,2020-08-26,18:30,19:15,"Haircut + Beard",""
1091,2776,2022-06-23,18:40,19:10,"Adult Haircut (18 & Up)",""
1092,2778,2023-05-06,15:45,16:30,"Adult Cut + Beard Grooming",""
1093,2779,2020-07-11,15:00,15:30,"High-School Cut",""
1094,2780,2020-05-12,18:00,19:00,"Haircut + Beard (Adults)",""
1095,2780,2023-01-07,11:00,11:45,"Adult Cut + Beard Grooming",""
1096,2782,2020-12-01,17:15,17:45,"High-School Cut",""
1097,2783,2022-02-04,11:00,11:45,"Adult Cut + Beard Grooming",""
1098,2784,2020-09-16,15:30,16:15,"Adult Cut + Beard Grooming",""
1099,2785,2024-06-20,11:00,11:45,"Adult Cut + Beard Grooming",""
1100,2786,2021-04-06,14:30,15:15,"Adult Haircut + Beard (18 & Up)",""
1101,2787,2017-10-25,19:10,20:10,"Haircut + Beard (Adults)",""
1102,2789,2022-01-28,18:30,19:30,"OFF DAY/EMERGENCY - (Full Service)",""
1103,2744,2020-07-17,10:30,11:00,"Adult Cut",""
1104,2791,2022-06-09,10:30,11:15,"Adult Cut + Beard Grooming",""
1105,2745,2024-06-20,11:00,11:45,"Adult Cut + Beard Grooming",""
1106,2745,2020-10-02,12:00,12:45,"Adult Cut + Beard Grooming",""
1107,2745,2021-04-21,10:45,11:30,"Adult Cut + Beard Grooming",""
1108,2795,2020-08-27,17:00,17:30,"High-School Cut",""
1109,2796,2020-07-07,17:00,17:30,"Adult Cut",""
1110,2797,2021-08-18,11:45,12:15,"Adult Cut",""
1111,2798,2022-08-10,12:30,13:00,"Lineup + Taper + Beard Grooming, Hot Towel + Black Mask Treatment for Clogged Pores",""
1112,2746,2022-07-05,15:30,16:00,"Beard Grooming Only",""
1113,2800,2024-06-27,12:00,12:45,"Adult Cut + Beard Grooming",""
1114,2801,2021-08-26,11:15,11:45,"Adult Cut",""
1115,1698,2019-01-16,19:30,20:30,"Haircut + Beard (Adults)",""
1116,2803,2023-09-16,16:00,17:00,"Adult - (Full Service)",""
1117,2804,2021-04-06,11:45,12:30,"Adult Cut + Beard Grooming",""
1118,2805,2022-03-04,13:00,13:30,"Adult Cut",""
1119,2806,2021-09-07,17:45,18:45,"Adult - (Full Service)",""
1120,2807,2020-04-08,09:00,10:00,"Haircut + Beard (Adults)",""
1121,2807,2020-11-18,10:30,11:15,"Adult Cut + Beard Grooming",""
1122,2809,2017-07-02,10:10,11:10,"Haircut + Beard (Adults)",""
1123,2421,2024-05-16,10:00,10:45,"Adult Cut + Beard Grooming",""
1124,2421,2024-07-05,10:00,10:45,"Adult Cut + Beard Grooming",""
1125,2589,2024-01-12,09:00,09:30,"Beard Grooming Only",""
1126,2421,2024-07-23,13:00,13:45,"Adult Cut + Beard Grooming",""
1127,2825,2021-07-23,16:30,17:00,"Adult Cut",""
1128,2814,2024-06-29,09:00,09:30,"Adult Cut",""
1129,2816,2017-10-27,15:10,16:10,"Haircut + Beard (Adults)",""
1130,2817,2021-03-12,10:30,11:00,"Adult Cut + Shampoo &amp; Hair Wash",""
1131,2746,2020-09-25,14:15,14:45,"Lineup + Taper",""
1132,2819,2021-03-05,14:45,15:15,"Adult Cut",""
1133,2820,2020-03-04,18:45,19:45,"Haircut +Beard (High-School)",""
1134,2821,2019-12-20,08:15,09:15,"Haircut + Beard (Adults)",""
1135,2822,2020-12-18,13:00,13:30,"Adult Cut",""
1136,2823,2017-05-03,20:30,21:30,"Haircut + Beard (Adults)",""
1137,2824,2017-09-28,18:40,19:10,"Kids Cut - (12 & Under)",""
1138,2826,2017-04-29,18:10,19:10,"Haircut + Beard (Adults)",""
1139,2827,2023-09-12,13:30,14:00,"Adult Cut",""
1140,2086,2020-01-12,15:15,16:15,"Haircut + Beard (Adults)",""
1141,2831,2017-06-17,19:30,20:00,"Kids Cut - (12 & Under)",""
1142,2832,2024-07-06,09:00,09:30,"Adult Cut",""
1143,2833,2023-02-10,15:00,15:30,"Lineup + Taper + Beard Grooming",""
1144,2086,2018-09-09,14:30,15:30,"Haircut + Beard (Adults)",""
1145,2835,2020-10-28,15:30,16:00,"High-School Cut",""
1146,2836,2020-07-15,15:00,15:30,"Adult Cut",""
1147,2837,2018-10-28,13:30,14:30,"Haircut + Beard (Adults)",""
1148,1698,2017-05-28,17:40,18:40,"Haircut + Beard (Adults)",""
1149,2839,2018-10-28,12:45,13:45,"Haircut + Beard (Adults)",""
1150,2863,2017-07-18,18:30,19:30,"Haircut + Beard (Adults)",""
1151,2840,2017-11-05,14:30,15:00,"Kids Cut - (12 & Under)",""
1152,2841,2017-10-14,13:00,13:30,"Kids Cut - (12 & Under)",""
1153,2842,2020-07-28,17:15,18:00,"Adult Cut + Beard Grooming, Shampoo &amp; Hair Wash",""
1154,2843,2021-11-20,14:30,15:00,"Adult Cut",""
1155,2843,2021-03-26,14:30,15:00,"Adult Cut",""
1156,2845,2024-03-05,16:00,17:00,"Adult - (Full Service)",""
1157,2847,2023-07-07,11:30,12:00,"Adult Cut",""
1158,2847,2021-01-19,13:00,13:45,"Student Haircut (17 & Under)",""
1159,2848,2017-08-24,19:20,20:35,"Haircut + Beard (Adults) + Beard Grooming",""
1160,2849,2021-06-17,10:30,11:00,"Adult Haircut (18 & Up)",""
1161,2850,2023-07-11,13:45,14:15,"High-School Cut",""
1162,2851,2020-12-15,16:00,16:30,"High-School Cut",""
1163,2852,2022-09-24,12:30,13:00,"High-School Cut",""
1164,2853,2017-10-21,11:00,11:30,"Kids Cut - (12 & Under)",""
1165,2854,2017-04-02,15:20,16:20,"Haircut + Beard (Adults)",""
1166,2855,2020-09-29,12:00,12:30,"Adult Cut",""
1167,2856,2022-01-29,14:00,14:30,"High-School Cut",""
1168,2857,2023-06-24,11:00,11:30,"Lineup + Taper",""
1169,2858,2021-04-21,12:00,12:30,"Adult Haircut (18 & Up)",""
1170,2829,2024-06-27,09:00,09:30,"Beard Grooming Only",""
1171,2829,2020-07-29,10:30,11:00,"Kids Cut - (12 & Under)",""
1172,2829,2021-10-16,15:00,15:30,"Beard Grooming Only + Hot Towel + Black Mask Treatment for Clogged Pores",""
1173,2829,2024-03-15,09:30,10:00,"High-School Cut",""
1174,2829,2021-04-02,13:15,13:45,"Beard Grooming Only",""
1175,2862,2023-05-24,12:30,13:00,"High-School Cut",""
1176,2864,2017-08-12,11:20,12:20,"Haircut + Beard (Adults)",""
1177,1691,2022-12-30,10:30,11:00,"Beard Grooming Only",""
1178,2866,2023-11-30,09:30,10:00,"Lineup + Taper + Beard Grooming",""
1179,2868,2024-05-08,11:30,12:15,"Adult Cut + Beard Grooming",""
1180,2868,2023-02-23,11:45,12:15,"Adult Cut",""
1181,2869,2024-06-28,15:00,15:30,"Lineup + Taper + Beard Grooming",""
1182,2872,2022-04-22,13:00,13:30,"High-School Cut",""
1183,2872,2022-11-25,15:00,15:30,"High-School Cut",""
1184,2872,2021-02-05,15:00,15:45,"Student Haircut (17 & Under)",""
1185,2874,2017-06-18,20:00,21:00,"Haircut + Beard (Adults)",""
1186,2077,2023-11-08,11:00,11:30,"Adult Cut",""
1187,2876,2021-10-13,10:30,11:15,"Adult Cut + Beard Grooming",""
1188,2877,2021-03-19,14:30,15:00,"Adult Cut",""
1189,2878,2017-11-01,17:10,17:55,"UziExpress Clean Up + Beard Grooming",""
1190,2879,2022-12-21,12:15,13:00,"Adult Cut + Beard Grooming",""
1191,2880,2020-10-09,15:30,16:00,"High-School Cut",""
1192,2881,2021-05-07,11:15,11:45,"Adult Haircut (18 & Up)",""
1193,2882,2020-12-12,10:30,11:00,"Adult Cut",""
1194,2883,2021-03-25,12:00,12:30,"High-School Cut",""
1195,2876,2024-06-28,09:00,09:30,"Adult Cut",""
1196,2885,2021-10-15,10:30,11:15,"Adult Cut + Beard Grooming, Hot Towel + Black Mask Treatment for Clogged Pores",""
1197,2886,2021-05-12,19:00,19:45,"Haircut + Beard",""
1198,2878,2017-06-23,17:20,18:00,"UziCut with Beard Grooming",""
1199,2888,2021-05-06,10:30,11:00,"Adult Haircut (18 & Up)",""
1200,2889,2021-06-25,12:45,13:15,"Adult Haircut (18 & Up)",""
1201,2890,2021-11-09,11:30,12:00,"Adult Cut",""
1202,2891,2020-10-23,14:45,15:30,"Adult Cut + Beard Grooming",""
1203,1691,2021-06-09,12:00,12:45,"Adult Haircut + Beard (18 & Up)",""
1204,2866,2024-07-11,09:00,09:30,"Lineup + Taper + Beard Grooming",""
1205,2894,2019-01-20,12:45,13:45,"Haircut + Beard (Adults)",""
1206,2895,2017-06-18,12:30,13:30,"Haircut + Beard (Adults)",""
1207,2896,2017-10-21,18:00,18:45,"UziExpress Clean Up + Beard Grooming",""
1208,2897,2024-04-24,14:00,14:30,"Adult Cut",""
1209,2898,2021-03-03,17:00,17:45,"Adult Cut + Beard Grooming",""
1210,2899,2020-12-23,20:00,21:00,"OFF DAY/EMERGENCY - (Full Service)",""
1211,2900,2017-06-11,15:30,16:30,"Haircut + Beard (Adults)",""
1212,2901,2017-06-03,11:10,11:30,"UziCleanUp with Beard Grooming",""
1213,1698,2019-01-13,13:30,14:30,"Haircut + Beard (Adults)",""
1214,2905,2020-12-31,15:30,16:00,"Adult Haircut (18 & Up)",""
1215,2906,2022-05-18,16:15,16:45,"Kids Cut - (12 & Under)",""
1216,2907,2020-06-07,13:00,14:00,"Haircut + Beard (Adults)",""
1217,2908,2017-09-24,11:50,13:05,"Haircut + Beard (Adults) + Beard Grooming",""
1218,2909,2017-10-28,11:00,12:00,"Haircut + Beard (Adults)",""
1219,2910,2023-03-15,15:30,16:15,"Adult Cut + Beard Grooming",""
1220,2911,2022-02-04,16:30,17:00,"Adult Cut",""
1221,2912,2022-08-16,11:30,12:00,"Adult Cut",""
1222,2912,2020-10-02,11:30,12:00,"Adult Cut",""
1223,2901,2022-09-28,12:30,13:15,"Adult Cut + Beard Grooming",""
1224,2915,2017-07-16,10:30,11:30,"Haircut + Beard (Adults)",""
1225,2915,2017-07-16,11:00,12:00,"Haircut + Beard (Adults)",""
1226,2917,2022-03-17,15:30,16:00,"Kids Cut - (12 & Under)",""
1227,2918,2020-09-17,17:15,18:00,"Adult Cut + Beard Grooming, Hot Towel + Black Mask Treatment for Clogged Pores, Wax - Hair Removal ($5+)",""
1228,2919,2021-09-02,15:45,16:30,"Adult Cut + Beard Grooming",""
1229,2920,2022-04-22,15:45,16:30,"Adult Cut + Beard Grooming",""
1230,2921,2022-06-23,15:30,16:15,"Adult Cut + Beard Grooming",""
1231,2922,2021-11-13,16:00,17:00,"Adult - (Full Service)",""
1232,2923,2024-02-27,16:00,17:00,"Adult - (Full Service)",""
1233,2924,2022-02-04,16:30,17:00,"Adult Cut",""
1234,2925,2020-08-22,10:45,11:30,"Adult Cut + Beard Grooming",""
1235,2922,2023-10-04,16:00,16:45,"Adult Cut + Beard Grooming, Hot Towel + Black Mask Treatment for Clogged Pores, Wax - Hair Removal ($5+)",""
1236,2927,2020-12-03,17:30,18:00,"Adult Cut",""
1237,2928,2024-04-17,11:30,12:00,"Lineup + Taper",""
1238,2929,2022-06-18,16:00,17:00,"Adult - (Full Service)",""
1239,2930,2021-02-09,17:30,18:00,"Adult Haircut (18 & Up)",""
1240,2931,2021-06-11,12:45,13:15,"Adult Haircut (18 & Up)",""
1241,2932,2024-07-05,11:00,11:30,"Adult Cut",""
1242,2697,2020-07-30,11:00,11:30,"Adult Cut + Hot Towel + Black Mask Treatment for Clogged Pores, Shampoo &amp; Hair Wash",""
1243,2725,2023-03-23,14:30,15:00,"Adult Cut",""
1244,2988,2023-01-28,12:00,12:45,"High-School Cut + Beard Grooming",""
1245,2935,2020-06-06,14:00,15:00,"Haircut + Beard (Adults)",""
1246,2936,2020-05-08,18:00,19:00,"Haircut + Beard (Adults)",""
1247,2936,2020-12-18,19:15,20:00,"Haircut + Beard",""
1248,2938,2021-03-18,18:45,19:30,"Haircut + Beard",""
1249,1888,2017-06-08,20:30,21:30,"Haircut + Beard (Adults)",""
1250,2940,2017-03-23,21:10,21:50,"UziCut with Beard Grooming",""
1251,2900,2017-12-02,11:00,12:00,"Haircut + Beard (Adults)",""
1252,2942,2021-01-19,10:30,11:00,"Adult Haircut (18 & Up)",""
1253,2943,2020-10-30,18:30,19:15,"Haircut + Beard",""
1254,2944,2017-09-30,18:50,19:50,"Haircut + Beard (Adults)",""
1255,2945,2020-09-22,15:00,15:30,"Adult Cut",""
1256,1719,2018-10-12,20:15,21:15,"Haircut + Beard (Adults)",""
1257,2947,2017-04-18,20:30,21:10,"UziCut with Beard Grooming",""
1258,1952,2021-11-27,12:30,13:00,"Kids Cut - (12 & Under)",""
1259,2949,2017-06-04,10:30,11:10,"UziCut with Beard Grooming",""
1260,2950,2020-12-04,12:00,12:30,"Adult Cut",""
1261,2951,2022-01-08,15:30,16:00,"Adult Cut",""
1262,2952,2021-05-15,11:30,12:00,"Adult Haircut (18 & Up)",""
1263,2022,2020-12-30,11:15,12:00,"Adult Haircut (18 & Up) + Beard Grooming",""
1264,2955,2022-08-18,10:30,11:00,"High-School Cut",""
1265,2956,2021-01-30,12:00,12:45,"Adult Haircut (18 & Up) + Beard Grooming",""
1266,2957,2023-03-28,14:00,14:30,"Kids Cut - (12 & Under)",""
1267,2951,2020-09-30,17:00,17:30,"Adult Cut",""
1268,2956,2021-01-30,12:45,13:30,"Student Haircut (17 & Under)",""
1269,2960,2023-10-21,12:30,13:00,"High-School Cut",""
1270,2956,2021-03-18,14:30,15:15,"Adult Cut + Beard Grooming",""
1271,2956,2021-01-30,11:30,12:15,"Student Haircut (17 & Under)",""
1272,2989,2021-02-27,16:00,16:45,"Haircut + Beard",""
1273,2989,2021-11-24,13:00,13:45,"Adult Cut + Beard Grooming",""
1274,2963,2021-11-30,15:00,15:30,"Adult Cut",""
1275,2964,2022-01-04,15:00,15:30,"High-School Cut",""
1276,2965,2020-12-03,15:00,15:45,"Adult Cut + Beard Grooming",""
1277,2966,2021-08-14,11:30,12:00,"High-School Cut",""
1278,2967,2022-07-14,18:30,19:15,"Adult Cut + Beard Grooming",""
1279,2969,2020-12-01,11:30,12:00,"High-School Cut",""
1280,2971,2017-08-06,10:00,11:00,"Haircut + Beard (Adults)",""
1281,2972,2020-09-17,12:15,12:45,"Adult Cut",""
1282,2973,2018-11-15,20:15,21:15,"Haircut + Beard (Adults)",""
1283,2973,2018-11-25,17:15,18:15,"Haircut + Beard (Adults)",""
1284,2975,2024-04-24,15:00,15:30,"High-School Cut",""
1285,2976,2021-01-15,17:15,18:00,"Adult Haircut (18 & Up) + Beard Grooming",""
1286,2977,2023-01-04,14:30,15:00,"Adult Cut",""
1287,2978,2024-01-23,09:30,10:15,"Adult Cut + Beard Grooming",""
1288,2979,2020-11-25,14:45,15:15,"Adult Cut",""
1289,2980,2017-11-04,15:00,16:00,"Haircut + Beard (Adults)",""
1290,2980,2017-11-05,14:00,15:00,"Haircut + Beard (Adults)",""
1291,2901,2021-06-01,16:45,17:30,"Adult Haircut + Beard (18 & Up)",""
1292,2901,2020-12-09,16:30,17:15,"Adult Cut + Beard Grooming",""
1293,2982,2021-01-28,14:45,15:15,"Adult Haircut (18 & Up)",""
1294,2983,2021-12-18,12:00,12:30,"Adult Cut",""
1295,2984,2021-02-20,16:45,17:30,"Haircut + Beard",""
1296,2985,2022-07-20,13:15,13:45,"Adult Cut",""
1297,2987,2020-11-20,14:45,15:15,"Beard Grooming Only",""
1298,2991,2017-05-23,20:00,20:40,"UziCut with Beard Grooming",""
1299,2992,2019-02-20,20:00,21:00,"Haircut + Beard (Adults)",""
1300,2993,2019-04-28,10:30,11:30,"Haircut + Beard (Adults)",""
1301,2994,2019-04-02,20:00,21:00,"Haircut + Beard (Adults)",""
1302,2995,2021-01-21,16:00,16:45,"Adult Haircut (18 & Up) + Beard Grooming",""
1303,2996,2023-12-05,09:30,10:00,"Adult Cut",""
1304,3223,2020-08-18,11:15,11:45,"High-School Cut",""
1305,2997,2020-10-22,13:00,13:30,"Adult Cut",""
1306,2997,2021-02-04,14:45,15:15,"Adult Haircut (18 & Up)",""
1307,2999,2020-10-23,17:30,18:00,"Adult Cut",""
1308,3000,2020-09-15,10:30,11:00,"Adult Cut",""
1309,3004,2021-08-12,15:30,16:00,"Adult Cut",""
1310,3005,2021-06-22,10:30,11:00,"Adult Haircut (18 & Up)",""
1311,1717,2021-11-19,12:30,13:15,"Adult Cut + Beard Grooming",""
1312,3007,2024-07-03,14:30,15:15,"Adult Cut + Beard Grooming",""
1313,3008,2023-02-17,15:45,16:15,"Adult Cut",""
1314,3009,2021-07-13,11:30,12:00,"Adult Cut",""
1315,2995,2021-06-03,16:45,17:15,"Adult Haircut (18 & Up)",""
1316,3011,2022-08-04,12:30,13:00,"Adult Cut",""
1317,3012,2020-07-03,15:30,16:00,"High-School Cut",""
1318,3224,2020-07-14,16:30,17:00,"High-School Cut",""
1319,2026,2023-05-12,15:00,15:30,"Adult Cut + Wax - Hair Removal ($5+)",""
1320,3013,2022-02-26,10:00,10:30,"High-School Cut",""
1321,3014,2020-12-17,11:45,12:15,"High-School Cut",""
1322,3016,2020-11-04,15:45,16:15,"High-School Cut",""
1323,3017,2021-12-30,15:30,16:00,"Adult Cut",""
1324,3018,2021-07-14,15:45,16:15,"Adult Cut",""
1325,3019,2021-07-09,10:30,11:00,"Adult Haircut (18 & Up)",""
1326,3020,2022-04-07,12:00,12:45,"Adult Cut + Beard Grooming",""
1327,1889,2021-11-04,11:45,12:30,"Adult Cut + Beard Grooming",""
1328,3023,2021-05-05,10:30,11:15,"Student Haircut (17 & Under)",""
1329,3024,2017-08-06,15:30,16:30,"Haircut + Beard (Adults)",""
1330,3026,2020-09-25,10:45,11:15,"High-School Cut",""
1331,3027,2020-09-29,15:00,15:30,"Adult Cut",""
1332,3028,2020-01-29,09:00,10:00,"Haircut + Beard (Adults)",""
1333,2697,2020-08-11,10:30,11:00,"Adult Cut + Shampoo &amp; Hair Wash",""
1334,2697,2021-07-28,11:00,11:30,"Adult Cut + Hot Towel + Black Mask Treatment for Clogged Pores, Shampoo &amp; Hair Wash",""
1335,3031,2024-07-06,09:30,10:00,"Adult Cut",""
1336,3032,2021-04-13,19:15,20:00,"High-School - (Full Service)",""
1337,3033,2022-08-05,18:30,19:30,"OFF DAY/EMERGENCY - (Full Service)",""
1338,3034,2020-12-02,17:00,17:30,"Kids Cut - (12 & Under)",""
1339,3035,2023-08-23,12:00,12:30,"Adult Cut",""
1340,3036,2021-08-25,13:30,14:00,"Beard Grooming Only",""
1341,2104,2020-10-31,14:45,15:15,"Adult Cut",""
1342,3038,2021-01-29,15:15,16:00,"Adult Haircut (18 & Up) + Beard Grooming",""
1343,2104,2021-04-29,16:45,17:30,"Adult Haircut (18 & Up) + Beard Grooming",""
1344,3040,2021-06-24,14:30,15:15,"Adult Haircut + Beard (18 & Up)",""
1345,3041,2023-09-30,17:00,18:00,"Adult - (Full Service)",""
1346,3042,2022-08-02,10:30,11:00,"Adult Cut",""
1347,3042,2022-05-04,15:00,15:30,"Adult Cut",""
1348,3042,2020-07-14,16:00,16:30,"Adult Cut + Shampoo &amp; Hair Wash",""
1349,3045,2023-04-19,13:15,13:45,"Hair Cut",""
1350,3046,2020-07-04,15:30,16:00,"High-School Cut + Wax - Hair Removal ($5+)",""
1351,3047,2017-08-06,11:00,12:15,"Haircut + Beard (Adults) + Beard Grooming",""
1352,3048,2023-01-31,12:30,13:15,"Adult Cut + Beard Grooming",""
1353,3049,2023-09-28,19:00,20:00,"Adult - (Full Service)",""
1354,3226,2021-06-11,15:15,16:00,"Student Haircut (17 & Under)",""
1355,3050,2022-06-08,15:30,16:00,"Adult Cut",""
1356,3051,2023-05-06,11:30,12:00,"Adult Cut",""
1357,3052,2021-06-12,15:15,15:45,"Adult Haircut (18 & Up)",""
1358,3053,2024-07-13,15:00,16:00,"Adult - (Full Service)",""
1359,3053,2024-01-27,15:15,15:45,"Kids Cut - (12 & Under)",""
1360,3053,2024-01-27,14:30,15:00,"Kids Cut - (12 & Under)",""
1361,3056,2022-05-06,16:00,16:30,"Beard Grooming Only",""
1362,3057,2024-05-15,12:00,12:45,"Adult Cut + Beard Grooming, Hot Towel + Black Mask Treatment for Clogged Pores",""
1363,3058,2024-06-04,11:00,11:45,"Adult Cut + Beard Grooming",""
1364,3059,2020-05-23,19:00,20:00,"Haircut + Beard (Adults)",""
1365,3059,2023-12-16,09:00,09:45,"Adult Cut + Beard Grooming",""
1366,3061,2021-01-07,17:15,17:45,"Adult Haircut (18 & Up)",""
1367,3062,2020-07-15,17:00,17:30,"Adult Cut",""
1368,3062,2020-12-05,10:00,10:30,"Adult Cut",""
1369,3062,2021-03-24,17:15,17:45,"Kids Cut - (12 & Under)",""
1370,3065,2022-05-27,15:00,15:30,"Adult Cut",""
1371,3066,2021-12-18,16:45,17:30,"High-School - (Full Service)",""
1372,3066,2024-06-26,16:00,17:00,"Adult - (Full Service)",""
1373,3068,2017-03-19,10:00,10:40,"UziCut with Beard Grooming",""
1374,3069,2021-03-06,12:00,12:30,"Adult Cut",""
1375,2993,2020-01-12,13:00,14:00,"Haircut + Beard (Adults)",""
1376,3073,2023-06-14,12:00,12:45,"Adult Cut + Beard Grooming",""
1377,1692,2022-07-13,14:45,15:45,"Adult - (Full Service)",""
1378,1692,2024-05-29,12:30,13:15,"Adult Cut + Beard Grooming",""
1379,1698,2018-11-27,20:15,21:15,"Haircut + Beard (Adults)",""
1380,3227,2021-07-01,11:15,12:00,"Adult Haircut + Beard (18 & Up)",""
1381,3077,2021-05-28,14:30,15:15,"Adult Haircut + Beard (18 & Up)",""
1382,3078,2024-06-05,12:00,12:30,"Adult Cut + Wax - Hair Removal ($5+)",""
1383,3079,2020-06-20,16:00,16:45,"Adult Cut + Beard Grooming, Hot Towel + Black Mask Treatment for Clogged Pores, Wax - Hair Removal ($5+)",""
1384,3080,2021-04-29,16:00,16:45,"Adult Haircut + Beard (18 & Up)",""
1385,3081,2017-10-03,20:00,21:00,"Haircut + Beard (Adults)",""
1386,3082,2017-07-02,17:00,17:30,"Kids Cut - (12 & Under)",""
1387,3083,2020-08-26,11:00,11:30,"Adult Cut",""
1388,3084,2020-11-18,14:15,14:45,"Adult Cut",""
1389,3085,2021-05-25,12:45,13:15,"Adult Haircut (18 & Up)",""
1390,3086,2021-05-27,11:15,12:00,"Student Haircut (17 & Under)",""
1391,3087,2021-07-27,16:00,16:30,"Adult Cut",""
1392,3088,2017-09-30,18:00,19:00,"Haircut + Beard (Adults)",""
1393,3089,2024-05-30,16:00,17:00,"Adult - (Full Service)",""
1394,3090,2018-10-25,20:15,21:15,"Haircut + Beard (Adults)",""
1395,3091,2017-10-20,16:00,16:30,"Kids Cut - (12 & Under)",""
1396,3089,2022-07-30,12:45,13:30,"Adult Cut + Beard Grooming",""
1397,3093,2021-11-25,15:15,15:45,"High-School Cut",""
1398,3094,2022-07-06,14:30,15:00,"Kids Cut - (12 & Under)",""
1399,3096,2024-05-01,14:00,14:45,"Adult Cut + Beard Grooming",""
1400,3094,2020-10-06,15:30,16:00,"Kids - (12 & Under)/Seniors",""
1401,3098,2024-05-16,10:00,10:30,"Adult Cut + Wax - Hair Removal ($5+)",""
1402,3098,2024-07-05,15:00,15:30,"Adult Cut + Wax - Hair Removal ($5+)",""
1403,3100,2021-09-01,15:45,16:15,"Kids Cut - (12 & Under)",""
1404,3081,2017-05-03,21:30,22:30,"Haircut + Beard (Adults)",""
1405,3102,2023-04-04,12:45,13:30,"Adult Cut + Beard Grooming",""
1406,3104,2020-06-25,11:00,11:30,"Adult Cut",""
1407,3105,2020-09-09,15:30,16:00,"Adult Cut",""
1408,3106,2021-03-30,10:30,11:15,"Adult Cut + Beard Grooming",""
1409,3107,2022-11-10,11:00,11:30,"Adult Cut",""
1410,2996,2023-08-22,13:30,14:00,"Adult Cut",""
1411,2993,2019-03-17,13:30,14:30,"Haircut + Beard (Adults)",""
1412,3110,2023-01-19,16:15,16:45,"Adult Cut",""
1413,1698,2017-03-11,16:40,17:20,"UziCut with Beard Grooming",""
1414,3112,2019-01-20,15:00,16:00,"Haircut + Beard (Adults)",""
1415,3113,2020-12-12,12:15,13:00,"Adult Cut + Beard Grooming",""
1416,3114,2021-08-06,13:15,13:45,"Adult Cut + Colour Enhancement for Patchy Beard, Hot Towel + Black Mask Treatment for Clogged Pores",""
1417,3115,2019-05-03,20:00,21:00,"Haircut + Beard (Adults)",""
1418,3116,2024-03-28,15:30,16:15,"Adult Cut + Beard Grooming",""
1419,3117,2022-03-22,13:00,13:45,"Adult Cut + Beard Grooming",""
1420,3116,2024-06-20,16:00,17:00,"Adult - (Full Service)",""
1421,3116,2024-06-20,12:30,13:00,"Lineup + Taper + Beard Grooming",""
1422,3120,2023-03-21,11:45,12:30,"Adult Cut + Beard Grooming",""
1423,3121,2017-09-28,18:40,19:40,"Haircut + Beard (Adults)",""
1424,3122,2019-07-30,19:30,20:00,"UziExpress Clean Up",""
1425,2342,2020-11-05,16:30,17:00,"Kids Cut - (12 & Under)",""
1426,3124,2022-02-01,10:30,11:00,"Adult Cut + Colour Enhancement for Patchy Beard",""
1427,3125,2020-12-09,15:15,15:45,"Adult Cut",""
1428,3001,2021-11-11,16:00,16:30,"Kids Cut - (12 & Under)",""
1429,3126,2022-06-01,17:00,18:00,"Adult - (Full Service)",""
1430,3127,2020-11-27,11:00,11:45,"Adult Cut + Beard Grooming, Wax - Hair Removal ($5+)",""
1431,3128,2020-07-09,16:30,17:15,"Adult Cut + Beard Grooming",""
1432,3129,2022-04-13,13:30,14:00,"Adult Cut",""
1433,2997,2021-01-08,11:30,12:00,"Adult Haircut (18 & Up)",""
1434,3131,2020-09-08,11:30,12:00,"High-School Cut",""
1435,3132,2021-03-16,16:30,17:00,"Adult Cut",""
1436,3133,2019-04-11,20:00,21:00,"Haircut + Beard (Adults)",""
1437,3134,2024-06-05,11:30,12:00,"Beard Grooming Only",""
1438,3135,2020-11-26,14:15,15:00,"Adult Cut + Beard Grooming",""
1439,3136,2020-12-01,11:00,11:30,"Beard Grooming Only",""
1440,3134,2021-09-22,12:15,13:00,"Adult Cut + Beard Grooming",""
1441,3138,2022-01-05,10:30,11:00,"Adult Cut",""
1442,3139,2018-11-25,15:00,16:00,"Haircut + Beard (Adults)",""
1443,3140,2019-10-02,19:30,20:30,"Haircut + Beard (Adults)",""
1444,2298,2023-04-19,09:00,09:45,"Hair Cut + Beard",""
1445,3142,2024-06-11,09:00,09:30,"Adult Cut",""
1446,3143,2017-10-05,19:00,19:30,"Kids Cut - (12 & Under)",""
1447,3144,2017-12-03,10:00,11:15,"Haircut + Beard (Adults) + Beard Grooming",""
1448,3145,2023-05-13,12:00,12:30,"Adult Cut",""
1449,3146,2021-09-18,15:30,16:00,"High-School Cut",""
1450,3147,2021-06-15,14:30,15:00,"Adult Haircut (18 & Up)",""
1451,2997,2024-06-22,11:00,11:45,"Adult Cut + Beard Grooming",""
1452,2997,2022-11-04,15:00,15:30,"Adult Cut",""
1453,3150,2021-04-08,19:30,20:15,"Haircut + Beard",""
1454,3151,2021-05-28,15:15,16:00,"Adult Haircut + Beard (18 & Up)",""
1455,3152,2021-07-31,10:45,11:30,"Adult Haircut + Beard (18 & Up)",""
1456,3153,2021-03-20,16:00,16:45,"Haircut + Beard",""
1457,3154,2019-01-13,12:00,13:00,"Haircut + Beard (Adults)",""
1458,3155,2022-04-01,12:00,12:30,"Beard Grooming Only",""
1459,3002,2022-12-22,11:30,12:15,"Adult Cut + Beard Grooming",""
1460,3135,2017-04-29,13:40,14:10,"UziExpress Clean Up",""
1461,3228,2022-06-10,15:45,16:15,"High-School Cut",""
1462,3159,2023-03-24,10:30,11:15,"Adult Cut + Beard Grooming",""
1463,3160,2021-07-03,12:15,12:45,"Adult Haircut (18 & Up)",""
1464,2350,2021-09-04,12:00,12:30,"Adult Cut",""
1465,2361,2024-07-10,14:30,15:00,"Adult Cut",""
1466,3163,2020-12-18,17:15,18:00,"Adult Cut + Beard Grooming, Wax - Hair Removal ($5+)",""
1467,3164,2022-08-02,14:15,14:45,"Adult Cut",""
1468,2994,2019-10-08,09:00,10:00,"Haircut + Beard (Adults)",""
1469,3048,2023-08-17,12:15,13:00,"Adult Cut + Beard Grooming",""
1470,3048,2023-07-19,14:45,15:30,"Adult Cut + Beard Grooming",""
1471,3168,2020-07-15,12:15,12:45,"Adult Cut",""
1472,2379,2023-02-11,14:30,15:15,"Adult Cut + Beard Grooming",""
1473,3169,2021-04-03,16:00,16:45,"Haircut + Beard",""
1474,2361,2023-12-16,11:30,12:00,"Kids Cut - (12 & Under)",""
1475,3171,2019-11-22,09:00,10:00,"Haircut + Beard (Adults)",""
1476,3172,2024-06-21,10:30,11:30,"Adult - (Full Service)",""
1477,2562,2021-01-22,11:00,11:45,"Adult Haircut (18 & Up) + Beard Grooming",""
1478,2361,2021-03-31,17:00,17:45,"Adult Cut + Beard Grooming",""
1479,2361,2021-04-10,14:30,15:15,"Student Haircut (17 & Under)",""
1480,2662,2022-08-06,16:00,17:00,"Adult - (Full Service)",""
1481,2992,2024-06-12,13:30,14:15,"Adult Cut + Beard Grooming",""
1482,3178,2022-06-07,10:30,11:15,"Adult Cut + Beard Grooming",""
1483,3178,2019-07-02,19:30,20:30,"Haircut + Beard (Adults)",""
1484,3179,2021-03-12,17:00,17:45,"Adult Cut + Beard Grooming",""
1485,3180,2020-01-14,08:15,09:15,"Haircut + Beard (Adults)",""
1486,3181,2023-09-09,12:30,13:00,"High-School Cut",""
1487,3182,2020-07-10,13:00,13:30,"Adult Cut",""
1488,3183,2020-09-17,11:45,12:15,"Adult Cut",""
1489,3184,2021-04-08,13:30,14:15,"Adult Cut + Beard Grooming",""
1490,2907,2017-03-31,22:20,23:00,"UziCut with Beard Grooming",""
1491,3185,2024-06-15,11:00,11:45,"Adult Cut + Beard Grooming",""
1492,1698,2017-07-15,15:50,16:20,"Kids Cut - (12 & Under)",""
1493,2073,2017-05-20,13:10,14:10,"Haircut + Beard (Adults)",""
1494,2073,2017-05-27,13:10,14:10,"Haircut + Beard (Adults)",""
1495,3188,2021-04-08,14:30,15:00,"Adult Haircut (18 & Up)",""
1496,3189,2024-05-22,14:00,14:45,"Adult Cut + Beard Grooming",""
1497,3189,2023-06-14,14:30,15:15,"Adult Cut + Beard Grooming",""
1498,3191,2020-09-18,15:15,16:00,"Adult Cut + Beard Grooming, Shampoo &amp; Hair Wash",""
1499,3192,2021-01-13,12:00,12:30,"Adult Haircut (18 & Up)",""
1500,3193,2023-11-24,10:30,11:15,"Adult Cut + Beard Grooming",""
1501,2361,2019-04-18,20:00,21:00,"Haircut + Beard (Adults)",""
1502,3195,2019-08-21,19:30,20:30,"Haircut + Beard (Adults)",""
1503,3196,2021-09-04,12:30,13:00,"Adult Cut",""
1504,3197,2021-07-16,12:45,13:15,"Adult Haircut (18 & Up)",""
1505,3198,2024-05-21,11:30,12:00,"Adult Cut",""
1506,3198,2024-02-08,11:30,12:00,"Adult Cut",""
1507,3200,2021-03-31,11:00,11:30,"Adult Cut",""
1508,3201,2020-12-19,11:00,11:30,"Adult Cut",""
1509,3202,2020-07-09,13:00,13:30,"Adult Cut",""
1510,3203,2019-03-19,20:00,21:00,"Haircut + Beard (Adults)",""
1511,3204,2023-09-12,14:30,15:00,"Lineup + Taper + Beard Grooming",""
1512,3204,2021-08-03,11:15,11:45,"Lineup + Taper",""
1513,3206,2020-08-18,11:30,12:00,"Adult Cut",""
1514,3207,2021-10-30,17:30,18:30,"Adult - (Full Service)",""
1515,2291,2024-06-22,09:00,09:30,"Lineup + Taper + Beard Grooming",""
1516,3209,2017-05-06,22:20,23:20,"Haircut + Beard (Adults)",""
1517,3210,2017-04-11,20:30,20:50,"UziCleanUp with Beard Grooming",""
1518,3211,2017-10-14,11:40,12:55,"Haircut + Beard (Adults) + Beard Grooming",""
1519,3214,2022-06-09,11:30,12:00,"Adult Cut + Hot Towel + Black Mask Treatment for Clogged Pores",""
1520,3003,2022-02-12,12:30,13:00,"Adult Cut",""
1521,3216,2021-10-26,10:30,11:00,"Beard Grooming Only",""
1522,3209,2017-10-07,14:10,15:10,"Haircut + Beard (Adults)",""
1523,3209,2017-07-15,14:50,15:50,"Haircut + Beard (Adults)",""
1524,3219,2019-03-27,19:30,20:30,"Haircut + Beard (Adults)",""
1525,3220,2017-06-17,13:00,14:00,"Haircut + Beard (Adults)",""
1526,3210,2017-07-30,10:40,11:10,"UziExpress Clean Up",""
1527,3222,2024-05-24,09:00,09:30,"Adult Cut",""
1528,3163,2022-10-04,12:15,13:00,"Adult Cut + Beard Grooming",""
1529,3234,2021-06-22,11:15,11:45,"Adult Haircut (18 & Up)",""
1530,3235,2022-07-22,10:30,11:00,"Adult Cut",""
1531,2089,2021-05-06,15:15,16:00,"Student Haircut (17 & Under)",""
1532,3163,2024-04-23,15:00,16:00,"Adult - (Full Service)",""
1533,3238,2024-06-21,09:30,10:15,"Adult Cut + Beard Grooming",""
1534,3239,2017-04-30,18:00,19:00,"Haircut + Beard (Adults)",""
1535,3240,2023-04-22,15:15,16:00,"Adult Cut + Beard Grooming",""
1536,3240,2020-12-29,15:00,15:45,"Adult Cut + Beard Grooming",""
1537,3242,2023-04-08,13:15,13:45,"Adult Cut",""
1538,3242,2024-05-24,16:00,17:00,"Adult - (Full Service)",""
1539,2160,2024-07-04,09:00,09:30,"Adult Cut",""
1540,2337,2019-03-06,19:30,20:30,"Haircut + Beard (Adults)",""
1541,3246,2018-11-13,19:30,20:30,"Haircut + Beard (Adults)",""
1542,2200,2023-08-18,16:15,16:45,"Adult Cut",""
1543,2089,2020-12-02,16:30,17:00,"High-School Cut",""
1544,3249,2022-03-01,16:00,16:30,"Adult Cut",""
1545,3250,2017-04-08,12:30,13:30,"Haircut + Beard (Adults)",""
1546,3250,2021-01-26,16:30,17:15,"Adult Haircut (18 & Up) + Beard Grooming",""
1547,3252,2024-04-26,15:00,15:30,"Adult Cut",""
1548,3253,2017-06-13,18:30,19:30,"Haircut + Beard (Adults)",""
1549,3253,2017-07-29,13:30,14:30,"Haircut + Beard (Adults)",""
1550,3253,2017-11-04,11:00,12:00,"Haircut + Beard (Adults)",""
1551,3256,2020-06-24,10:30,11:00,"Kids Cut - (12 & Under)",""
1552,3257,2020-07-10,11:30,12:00,"High-School Cut",""
1553,2073,2023-09-20,10:30,11:15,"Adult Cut + Beard Grooming",""
1554,2073,2017-03-19,18:40,19:00,"UziCleanUp with Beard Grooming",""
1555,3260,2024-06-25,10:30,11:15,"Adult Cut + Beard Grooming",""
1556,2829,2021-03-11,17:15,17:45,"Kids Cut - (12 & Under)",""
1557,3262,2022-11-24,16:00,16:45,"Adult Cut + Beard Grooming",""
1558,3263,2017-05-07,20:00,20:40,"UziCut with Beard Grooming",""
1559,3263,2018-12-16,14:15,15:15,"Haircut + Beard (Adults)",""
1560,3265,2020-01-09,19:00,20:00,"Haircut + Beard (Adults)",""
1561,3266,2021-03-26,13:00,13:30,"High-School Cut",""
1562,3267,2021-07-01,16:45,17:15,"Adult Haircut (18 & Up)",""
1563,3235,2022-09-09,16:00,16:30,"Lineup + Taper",""
1564,3235,2021-04-24,11:00,11:30,"Adult Cut",""
1565,1698,2017-06-18,11:10,12:25,"Haircut + Beard (Adults) + Beard Grooming",""
1566,3271,2021-08-28,16:00,17:00,"Adult - (Full Service)",""
1567,3272,2024-02-23,15:00,15:30,"High-School Cut",""
1568,3273,2020-10-28,17:00,17:30,"High-School Cut",""
1569,3274,2022-04-22,15:00,15:30,"Lineup + Taper + Beard Grooming",""
1570,3281,2022-01-05,17:00,18:00,"Adult - (Full Service)",""
1571,3275,2019-11-27,19:30,20:30,"Haircut + Beard (Adults)",""
1572,3276,2021-06-17,16:00,16:45,"Student Haircut (17 & Under)",""
1573,3277,2020-12-24,16:15,17:00,"Student Haircut (17 & Under)",""
1574,3276,2021-06-17,14:30,15:00,"Adult Haircut (18 & Up)",""
1575,3276,2021-05-11,12:00,12:30,"Adult Haircut (18 & Up)",""
1576,3276,2021-06-17,15:15,16:00,"Student Haircut (17 & Under)",""
1577,3292,2017-11-16,17:30,18:30,"Haircut + Beard (Adults)",""
1578,1698,2018-11-21,20:15,21:15,"Haircut + Beard (Adults)",""
1579,3178,2019-08-21,19:30,20:30,"Haircut + Beard (Adults)",""
1580,3284,2020-11-10,15:30,16:00,"High-School Cut",""
1581,3284,2021-03-16,15:30,16:00,"High-School Cut",""
1582,3286,2023-10-28,11:00,11:30,"High-School Cut",""
1583,3287,2017-11-17,11:00,11:45,"UziExpress Clean Up + Beard Grooming",""
1584,2915,2017-04-09,11:00,12:00,"Haircut + Beard (Adults)",""
1585,3290,2023-05-06,18:30,19:30,"Adult - (Full Service)",""
1586,3290,2021-02-24,19:30,20:15,"High-School - (Full Service)",""
1587,1765,2017-03-12,13:00,13:40,"UziCut with Beard Grooming",""
1588,3294,2024-06-26,12:00,12:30,"Adult Cut",""
1589,3295,2017-11-06,14:50,15:50,"Haircut + Beard (Adults)",""
1590,3296,2024-06-27,13:15,13:45,"Adult Cut",""
1591,3296,2023-06-22,14:00,14:30,"Adult Cut",""
1592,3293,2022-01-28,12:00,12:30,"Kids Cut - (12 & Under)",""
1593,3299,2021-11-09,11:00,11:30,"Adult Cut + Hot Towel + Black Mask Treatment for Clogged Pores, Shampoo &amp; Hair Wash",""
1594,3300,2021-08-20,11:00,11:45,"Adult Cut + Beard Grooming",""
1595,3301,2024-05-15,13:00,13:30,"Adult Cut",""
1596,3302,2024-02-29,10:30,11:15,"Adult Cut + Beard Grooming",""
1597,3303,2021-01-16,13:00,13:30,"Adult Haircut (18 & Up)",""
1598,3304,2024-07-10,14:00,14:30,"Beard Grooming Only",""
1599,3305,2021-06-25,10:30,11:15,"Adult Haircut + Beard (18 & Up)",""
1600,3293,2023-05-16,12:00,12:30,"Kids Cut - (12 & Under)",""
1601,3306,2021-12-22,16:00,16:30,"Adult Cut",""
1602,1702,2024-01-20,12:15,13:00,"Adult Cut + Beard Grooming",""
1603,3308,2019-08-09,09:00,10:00,"Haircut + Beard (Adults)",""
1604,3309,2022-01-05,12:00,12:45,"Adult Cut + Beard Grooming",""
1605,3310,2017-11-06,14:20,15:20,"Haircut + Beard (Adults)",""
1606,3311,2020-10-01,10:30,11:15,"Adult Cut + Beard Grooming",""
1607,3314,2022-01-27,13:45,14:15,"Adult Cut",""
1608,3315,2017-07-02,17:40,18:40,"Haircut + Beard (Adults)",""
1609,3316,2022-02-19,16:45,17:45,"Adult - (Full Service)",""
1610,3317,2023-12-09,15:00,16:00,"Adult - (Full Service)",""
1611,2078,2018-10-09,20:15,21:15,"Haircut + Beard (Adults)",""
1612,3319,2020-10-16,11:45,12:15,"Adult Cut",""
1613,3320,2023-02-17,15:00,15:30,"Adult Cut",""
1614,3321,2024-07-03,13:00,13:45,"Adult Cut + Beard Grooming",""
1615,3322,2021-02-26,14:30,15:15,"Adult Cut + Beard Grooming",""
1616,3323,2023-01-05,15:15,15:45,"Adult Cut",""
1617,3324,2022-12-16,16:00,16:30,"High-School Cut",""
1618,3326,2020-07-24,11:30,12:00,"Adult Cut",""
1619,3327,2022-02-17,16:30,17:00,"Adult Cut",""
1620,3328,2022-03-08,11:15,11:45,"Beard Grooming Only",""
1621,3329,2024-06-18,16:00,17:00,"Adult - (Full Service)",""
1622,2908,2017-10-08,13:00,14:00,"Haircut + Beard (Adults)",""
1623,3324,2020-11-07,12:45,13:15,"High-School Cut",""
1624,3332,2019-11-29,08:15,09:15,"Haircut + Beard (Adults)",""
1625,3333,2020-12-29,15:45,16:15,"Adult Cut + Wax - Hair Removal ($5+)",""
1626,3334,2022-03-23,12:30,13:00,"Adult Cut",""
1627,3335,2020-07-30,14:30,15:00,"Adult Cut",""
1628,3336,2021-05-18,15:15,15:45,"Adult Cut",""
1629,2482,2024-01-05,10:00,10:30,"High-School Cut",""
1630,3338,2022-01-18,13:15,13:45,"Adult Cut",""
1631,1936,2024-06-21,11:30,12:00,"Adult Cut",""
1632,3340,2022-07-07,11:45,12:15,"Adult Cut",""
1633,1785,2021-06-11,15:15,16:00,"Student Haircut (17 & Under)",""
1634,2359,2020-12-05,11:45,12:15,"High-School Cut",""
1635,3343,2021-03-23,12:45,13:30,"Adult Cut + Beard Grooming",""
1636,3344,2021-04-06,12:30,13:00,"Adult Cut",""
1637,3346,2021-10-29,13:15,13:45,"Adult Cut",""
1638,3347,2020-10-16,16:00,16:30,"Adult Cut",""
1639,3349,2023-04-01,16:00,16:30,"Adult Cut",""
1640,3350,2024-02-24,15:00,16:00,"Adult - (Full Service)",""
1641,3351,2022-12-10,11:15,11:45,"High-School Cut",""
1642,3362,2021-12-24,18:30,19:30,"OFF DAY/EMERGENCY - (Full Service)",""
1643,3351,2022-02-02,11:45,12:15,"Adult Cut",""
1644,3353,2023-06-16,10:30,11:15,"Adult Cut + Beard Grooming",""
1645,3354,2024-09-06,10:00,10:45,"Adult Cut + Beard Grooming",""
1646,3355,2023-12-01,15:30,16:00,"High-School Cut",""
1647,3354,2024-03-29,11:00,11:45,"Adult Cut + Beard Grooming",""
1648,3357,2020-01-12,13:45,14:45,"Haircut + Beard (Adults)",""
1649,3338,2023-03-30,17:00,17:30,"Adult Cut",""
1650,3359,2021-02-17,11:15,11:45,"Adult Cut",""
1651,3360,2020-07-14,11:00,11:30,"High-School Cut",""
1652,3361,2024-06-11,11:30,12:00,"Adult Cut",""
1653,1692,2021-01-16,11:15,12:00,"Adult Haircut (18 & Up) + Beard Grooming",""
1654,1692,2021-03-30,20:00,21:00,"OFF DAY/EMERGENCY - (Full Service)",""
1655,1692,2020-07-16,10:30,11:15,"Adult Cut + Beard Grooming",""
1669,3367,2024-06-25,17:00,17:45,"Haircut + Beard",""
1673,3367,2024-06-26,17:15,18:00,"Haircut + Beard",""
1674,3367,2024-06-26,09:00,09:30,"Adult Cut",""
1676,1950,2024-06-26,09:45,10:30,"Haircut + Beard",""
1679,1950,2024-06-27,17:45,18:15,"Beard Grooming Only",""
