"First Name","Last Name","Phone","Email","Notes","Days Since Last Appointment"
"Rocky","Balboa","(203) 832-4011","rocky@gmail.com","",""
"Apollo","Creed","(203) 832-4011","anomani@seas.upenn.edu","",""
"Ben","Franklin","(203) 832-4011","anomani@seas.upenn.edu","",""
"Lebron","James","(203) 832-4011","anomani@seas.upenn.edu","",""
"Abe","Lincoln","(203) 832-4011","abe.lincoln@gmail.com","",""
"Jane","McTest","(123) 555-0101","jane.mctest@example.com","","1"
"George","Washington","","","",""
"a","s","(203) 832-4011","anomani@seas.upenn.edu","",""
"v","v","","","",""
